building_id,meter,hour_cat,dayofweek_cat,month_cat,meter_reading
0,0,0.0,6.0,0.0,0.32974809408187866
1,0,0.0,6.0,0.0,0.30784350633621216
2,0,0.0,6.0,0.0,0.2288837432861328
3,0,0.0,6.0,0.0,0.3255707025527954
4,0,0.0,6.0,0.0,0.35968729853630066
5,0,0.0,6.0,0.0,0.2499064803123474
6,0,0.0,6.0,0.0,0.3198266625404358
7,0,0.0,6.0,0.0,0.3423263728618622
7,1,0.0,6.0,0.0,0.3512309491634369
8,0,0.0,6.0,0.0,0.34000661969184875
9,0,0.0,6.0,0.0,0.30094581842422485
9,1,0.0,6.0,0.0,0.16537761688232422
10,0,0.0,6.0,0.0,0.356792151927948
11,0,0.0,6.0,0.0,0.3351254165172577
12,0,0.0,6.0,0.0,0.3221341371536255
13,0,0.0,6.0,0.0,0.3284611999988556
13,1,0.0,6.0,0.0,0.31669485569000244
14,0,0.0,6.0,0.0,0.32810571789741516
14,1,0.0,6.0,0.0,0.33623048663139343
15,0,0.0,6.0,0.0,0.3147920072078705
15,1,0.0,6.0,0.0,0.3156208395957947
16,0,0.0,6.0,0.0,0.34700867533683777
17,0,0.0,6.0,0.0,0.30323365330696106
18,0,0.0,6.0,0.0,0.3525642454624176
19,0,0.0,6.0,0.0,0.3029116690158844
20,0,0.0,6.0,0.0,0.3188444972038269
21,0,0.0,6.0,0.0,0.26057353615760803
22,0,0.0,6.0,0.0,0.25117945671081543
23,0,0.0,6.0,0.0,0.3330748379230499
24,0,0.0,6.0,0.0,0.3261380195617676
25,0,0.0,6.0,0.0,0.30213674902915955
26,0,0.0,6.0,0.0,0.2952350676059723
27,0,0.0,6.0,0.0,0.3073832392692566
28,0,0.0,6.0,0.0,0.29543134570121765
28,1,0.0,6.0,0.0,0.2761055529117584
29,0,0.0,6.0,0.0,0.33046069741249084
29,1,0.0,6.0,0.0,0.22202220559120178
30,0,0.0,6.0,0.0,0.3180248439311981
30,1,0.0,6.0,0.0,0.3205191493034363
31,0,0.0,6.0,0.0,0.3115617334842682
31,1,0.0,6.0,0.0,0.2943078279495239
32,0,0.0,6.0,0.0,0.300351619720459
33,0,0.0,6.0,0.0,0.3080288767814636
34,0,0.0,6.0,0.0,0.28250637650489807
35,0,0.0,6.0,0.0,0.2775321304798126
36,0,0.0,6.0,0.0,0.26347553730010986
37,0,0.0,6.0,0.0,0.2732602059841156
38,0,0.0,6.0,0.0,0.3093704283237457
39,0,0.0,6.0,0.0,0.2941880226135254
40,0,0.0,6.0,0.0,0.2846028208732605
41,0,0.0,6.0,0.0,0.28893253207206726
42,0,0.0,6.0,0.0,0.3181266486644745
43,0,0.0,6.0,0.0,0.26466798782348633
43,1,0.0,6.0,0.0,0.20084625482559204
44,0,0.0,6.0,0.0,0.21096590161323547
45,0,0.0,6.0,0.0,0.19040799140930176
46,0,0.0,6.0,0.0,0.21300876140594482
47,0,0.0,6.0,0.0,0.28789347410202026
48,0,0.0,6.0,0.0,0.25704410672187805
49,0,0.0,6.0,0.0,0.2849205732345581
50,0,0.0,6.0,0.0,0.25418975949287415
50,1,0.0,6.0,0.0,0.3154723644256592
51,0,0.0,6.0,0.0,0.26914143562316895
52,0,0.0,6.0,0.0,0.2911178171634674
53,0,0.0,6.0,0.0,0.17400342226028442
54,0,0.0,6.0,0.0,0.2972591519355774
55,0,0.0,6.0,0.0,0.27229738235473633
55,1,0.0,6.0,0.0,0.28221094608306885
56,0,0.0,6.0,0.0,0.2763623595237732
57,0,0.0,6.0,0.0,0.27886927127838135
58,0,0.0,6.0,0.0,0.28117385506629944
59,0,0.0,6.0,0.0,0.21497181057929993
60,0,0.0,6.0,0.0,0.3003801107406616
60,1,0.0,6.0,0.0,0.28736749291419983
61,0,0.0,6.0,0.0,0.27104032039642334
62,0,0.0,6.0,0.0,0.2909319996833801
63,0,0.0,6.0,0.0,0.26981425285339355
64,0,0.0,6.0,0.0,0.25420889258384705
65,0,0.0,6.0,0.0,0.2574988007545471
66,0,0.0,6.0,0.0,0.2832883894443512
67,0,0.0,6.0,0.0,0.2817763388156891
68,0,0.0,6.0,0.0,0.27285242080688477
69,0,0.0,6.0,0.0,0.25563448667526245
70,0,0.0,6.0,0.0,0.24986618757247925
71,0,0.0,6.0,0.0,0.27387359738349915
72,0,0.0,6.0,0.0,0.2738017141819
73,0,0.0,6.0,0.0,0.24251049757003784
74,0,0.0,6.0,0.0,0.269004762172699
75,0,0.0,6.0,0.0,0.28061243891716003
75,1,0.0,6.0,0.0,0.25585415959358215
76,0,0.0,6.0,0.0,0.3062308132648468
76,1,0.0,6.0,0.0,0.30709370970726013
77,0,0.0,6.0,0.0,0.27769196033477783
78,0,0.0,6.0,0.0,0.2871367633342743
78,1,0.0,6.0,0.0,0.2809664011001587
79,0,0.0,6.0,0.0,0.29069000482559204
80,0,0.0,6.0,0.0,0.3024381995201111
81,0,0.0,6.0,0.0,0.21929800510406494
82,0,0.0,6.0,0.0,0.2576543092727661
82,1,0.0,6.0,0.0,0.2657237946987152
83,0,0.0,6.0,0.0,0.1748138666152954
84,0,0.0,6.0,0.0,0.21538150310516357
85,0,0.0,6.0,0.0,0.2786136567592621
86,0,0.0,6.0,0.0,0.25654223561286926
87,0,0.0,6.0,0.0,0.2518507242202759
88,0,0.0,6.0,0.0,0.29374611377716064
89,0,0.0,6.0,0.0,0.2995445430278778
90,0,0.0,6.0,0.0,0.28269004821777344
91,0,0.0,6.0,0.0,0.2862613797187805
91,1,0.0,6.0,0.0,0.28748154640197754
92,0,0.0,6.0,0.0,0.2593444585800171
92,1,0.0,6.0,0.0,0.25039413571357727
93,0,0.0,6.0,0.0,0.2672192454338074
94,0,0.0,6.0,0.0,0.24533256888389587
95,0,0.0,6.0,0.0,0.28582102060317993
95,1,0.0,6.0,0.0,0.2885448634624481
96,0,0.0,6.0,0.0,0.2844805121421814
96,1,0.0,6.0,0.0,0.2808894217014313
97,0,0.0,6.0,0.0,0.28123021125793457
97,1,0.0,6.0,0.0,0.28024449944496155
98,0,0.0,6.0,0.0,0.28474539518356323
98,1,0.0,6.0,0.0,0.28474143147468567
99,0,0.0,6.0,0.0,0.1995716691017151
100,0,0.0,6.0,0.0,0.27198922634124756
101,0,0.0,6.0,0.0,0.24465274810791016
102,0,0.0,6.0,0.0,0.23612681031227112
103,0,0.0,6.0,0.0,0.2540879249572754
103,1,0.0,6.0,0.0,0.243474543094635
104,0,0.0,6.0,0.0,0.27570661902427673
105,0,0.0,6.0,0.0,0.23795673251152039
106,0,0.0,6.0,0.0,0.1697351634502411
106,3,0.0,6.0,0.0,0.10435628890991211
107,0,0.0,6.0,0.0,0.13513508439064026
108,0,0.0,6.0,0.0,0.26657575368881226
109,0,0.0,6.0,0.0,0.25858327746391296
109,3,0.0,6.0,0.0,0.11763544380664825
110,0,0.0,6.0,0.0,0.2632650136947632
111,0,0.0,6.0,0.0,0.2730683982372284
112,0,0.0,6.0,0.0,0.24549302458763123
112,3,0.0,6.0,0.0,0.1046769842505455
113,0,0.0,6.0,0.0,0.2720348536968231
113,3,0.0,6.0,0.0,0.18927857279777527
114,0,0.0,6.0,0.0,0.2824717164039612
114,3,0.0,6.0,0.0,0.23699775338172913
115,0,0.0,6.0,0.0,0.274467408657074
116,0,0.0,6.0,0.0,0.2572811245918274
117,0,0.0,6.0,0.0,0.22516730427742004
117,3,0.0,6.0,0.0,0.2054351270198822
118,0,0.0,6.0,0.0,0.25787633657455444
119,0,0.0,6.0,0.0,0.2750508785247803
119,3,0.0,6.0,0.0,0.23332995176315308
120,0,0.0,6.0,0.0,0.2592891454696655
121,0,0.0,6.0,0.0,0.26142647862434387
121,3,0.0,6.0,0.0,0.24556207656860352
122,0,0.0,6.0,0.0,0.26397788524627686
123,0,0.0,6.0,0.0,0.24620839953422546
124,0,0.0,6.0,0.0,0.19887670874595642
125,0,0.0,6.0,0.0,0.2548683285713196
126,0,0.0,6.0,0.0,0.24256879091262817
127,0,0.0,6.0,0.0,0.19902440905570984
128,0,0.0,6.0,0.0,0.23499393463134766
129,0,0.0,6.0,0.0,0.23476293683052063
130,0,0.0,6.0,0.0,0.21498888731002808
131,0,0.0,6.0,0.0,0.2491258680820465
132,0,0.0,6.0,0.0,0.21447795629501343
133,0,0.0,6.0,0.0,0.224875807762146
134,0,0.0,6.0,0.0,0.23257708549499512
135,0,0.0,6.0,0.0,0.2127213478088379
136,0,0.0,6.0,0.0,0.21186262369155884
137,0,0.0,6.0,0.0,0.20897552371025085
138,0,0.0,6.0,0.0,0.2276124656200409
138,3,0.0,6.0,0.0,0.15603497624397278
139,0,0.0,6.0,0.0,0.2148141860961914
139,3,0.0,6.0,0.0,0.15733665227890015
140,0,0.0,6.0,0.0,0.19440802931785583
141,0,0.0,6.0,0.0,0.2160080075263977
142,0,0.0,6.0,0.0,0.20418035984039307
143,0,0.0,6.0,0.0,0.20931953191757202
144,0,0.0,6.0,0.0,0.22146952152252197
144,3,0.0,6.0,0.0,0.1700490415096283
145,0,0.0,6.0,0.0,0.19825786352157593
145,3,0.0,6.0,0.0,0.21030452847480774
146,0,0.0,6.0,0.0,0.17058664560317993
147,0,0.0,6.0,0.0,0.23827925324440002
148,0,0.0,6.0,0.0,0.23019516468048096
149,0,0.0,6.0,0.0,0.22102633118629456
150,0,0.0,6.0,0.0,0.2539609968662262
151,0,0.0,6.0,0.0,0.20760321617126465
152,0,0.0,6.0,0.0,0.18210744857788086
153,0,0.0,6.0,0.0,0.17713898420333862
154,0,0.0,6.0,0.0,0.24442467093467712
155,0,0.0,6.0,0.0,0.22252434492111206
156,0,0.0,6.0,0.0,0.23061811923980713
157,0,0.0,6.0,0.0,0.21462398767471313
158,0,0.0,6.0,0.0,0.17895430326461792
159,0,0.0,6.0,0.0,0.17075911164283752
160,0,0.0,6.0,0.0,0.18379104137420654
161,0,0.0,6.0,0.0,0.17581379413604736
161,1,0.0,6.0,0.0,0.11635882407426834
162,0,0.0,6.0,0.0,0.21706876158714294
162,1,0.0,6.0,0.0,0.10827948898077011
163,0,0.0,6.0,0.0,0.22119668126106262
163,1,0.0,6.0,0.0,0.10570196807384491
163,3,0.0,6.0,0.0,0.06996388733386993
164,0,0.0,6.0,0.0,0.18592506647109985
165,0,0.0,6.0,0.0,0.1603800654411316
166,0,0.0,6.0,0.0,0.23820659518241882
166,1,0.0,6.0,0.0,0.22149181365966797
166,3,0.0,6.0,0.0,0.19292038679122925
167,0,0.0,6.0,0.0,0.21362224221229553
167,1,0.0,6.0,0.0,0.16268181800842285
167,3,0.0,6.0,0.0,0.14690843224525452
168,0,0.0,6.0,0.0,0.24754026532173157
168,1,0.0,6.0,0.0,0.2116379737854004
168,3,0.0,6.0,0.0,0.1877606213092804
169,0,0.0,6.0,0.0,0.2505851984024048
169,1,0.0,6.0,0.0,0.23579293489456177
169,3,0.0,6.0,0.0,0.20187053084373474
170,0,0.0,6.0,0.0,0.2041761875152588
170,1,0.0,6.0,0.0,0.15223319828510284
171,0,0.0,6.0,0.0,0.15976837277412415
171,1,0.0,6.0,0.0,0.1189490333199501
171,3,0.0,6.0,0.0,0.14118477702140808
172,0,0.0,6.0,0.0,0.22156411409378052
172,1,0.0,6.0,0.0,0.17486387491226196
173,0,0.0,6.0,0.0,0.2307416796684265
173,1,0.0,6.0,0.0,0.1939033567905426
174,0,0.0,6.0,0.0,0.2260633111000061
174,1,0.0,6.0,0.0,0.1965811550617218
175,0,0.0,6.0,0.0,0.2169981300830841
175,1,0.0,6.0,0.0,0.08639416843652725
175,3,0.0,6.0,0.0,0.09158751368522644
176,0,0.0,6.0,0.0,0.1971563994884491
176,1,0.0,6.0,0.0,0.12728992104530334
176,3,0.0,6.0,0.0,0.08601325750350952
177,0,0.0,6.0,0.0,0.23647558689117432
177,1,0.0,6.0,0.0,0.21068337559700012
177,3,0.0,6.0,0.0,0.09230446070432663
178,0,0.0,6.0,0.0,0.18993911147117615
178,1,0.0,6.0,0.0,0.16259998083114624
179,0,0.0,6.0,0.0,0.19277289509773254
179,1,0.0,6.0,0.0,0.16609546542167664
179,3,0.0,6.0,0.0,0.14399604499340057
180,0,0.0,6.0,0.0,0.187738835811615
180,1,0.0,6.0,0.0,0.19550350308418274
181,0,0.0,6.0,0.0,0.22817671298980713
181,1,0.0,6.0,0.0,0.16418568789958954
182,0,0.0,6.0,0.0,0.11031512171030045
183,0,0.0,6.0,0.0,0.2250443994998932
183,1,0.0,6.0,0.0,0.17944791913032532
183,3,0.0,6.0,0.0,0.12344235181808472
184,0,0.0,6.0,0.0,0.18413758277893066
184,1,0.0,6.0,0.0,0.13270509243011475
184,3,0.0,6.0,0.0,0.12669920921325684
185,0,0.0,6.0,0.0,0.20506563782691956
186,0,0.0,6.0,0.0,0.12711048126220703
187,0,0.0,6.0,0.0,0.1577252745628357
187,1,0.0,6.0,0.0,0.11865999549627304
187,3,0.0,6.0,0.0,0.1214434951543808
188,0,0.0,6.0,0.0,0.15465083718299866
188,1,0.0,6.0,0.0,0.0875757485628128
189,0,0.0,6.0,0.0,0.16185513138771057
189,1,0.0,6.0,0.0,0.13900208473205566
190,0,0.0,6.0,0.0,0.21400761604309082
190,1,0.0,6.0,0.0,0.19557294249534607
190,3,0.0,6.0,0.0,0.15716403722763062
191,0,0.0,6.0,0.0,0.0892549678683281
191,1,0.0,6.0,0.0,0.13004747033119202
191,3,0.0,6.0,0.0,0.11183125525712967
192,0,0.0,6.0,0.0,0.241435706615448
192,1,0.0,6.0,0.0,0.23015722632408142
192,3,0.0,6.0,0.0,0.1567075550556183
193,0,0.0,6.0,0.0,0.13177905976772308
194,0,0.0,6.0,0.0,0.21753689646720886
194,1,0.0,6.0,0.0,0.1725689172744751
195,0,0.0,6.0,0.0,0.1374286711215973
195,1,0.0,6.0,0.0,0.16296391189098358
195,3,0.0,6.0,0.0,0.13722756505012512
196,0,0.0,6.0,0.0,0.18750566244125366
197,0,0.0,6.0,0.0,0.21042072772979736
197,1,0.0,6.0,0.0,0.1878822147846222
198,0,0.0,6.0,0.0,0.21592435240745544
198,1,0.0,6.0,0.0,0.19705942273139954
199,0,0.0,6.0,0.0,0.20051026344299316
200,0,0.0,6.0,0.0,0.21094375848770142
200,1,0.0,6.0,0.0,0.19799017906188965
200,3,0.0,6.0,0.0,0.05069856718182564
201,0,0.0,6.0,0.0,0.23274418711662292
201,1,0.0,6.0,0.0,0.2010350525379181
201,3,0.0,6.0,0.0,0.15492978692054749
202,0,0.0,6.0,0.0,0.21104246377944946
202,1,0.0,6.0,0.0,0.2008359432220459
202,3,0.0,6.0,0.0,0.1482422947883606
203,0,0.0,6.0,0.0,0.21959009766578674
203,1,0.0,6.0,0.0,0.20993441343307495
203,3,0.0,6.0,0.0,0.16407981514930725
204,0,0.0,6.0,0.0,0.1707049310207367
204,1,0.0,6.0,0.0,0.19323396682739258
205,0,0.0,6.0,0.0,0.1923883855342865
205,1,0.0,6.0,0.0,0.13944992423057556
206,0,0.0,6.0,0.0,0.20913073420524597
206,1,0.0,6.0,0.0,0.1690984070301056
206,3,0.0,6.0,0.0,0.11136467009782791
207,0,0.0,6.0,0.0,0.20237016677856445
207,1,0.0,6.0,0.0,0.17553776502609253
208,0,0.0,6.0,0.0,0.1811819076538086
208,1,0.0,6.0,0.0,0.09469400346279144
209,0,0.0,6.0,0.0,0.23758140206336975
209,1,0.0,6.0,0.0,0.22721973061561584
209,3,0.0,6.0,0.0,0.18167543411254883
210,0,0.0,6.0,0.0,0.21057814359664917
210,1,0.0,6.0,0.0,0.17667022347450256
210,3,0.0,6.0,0.0,0.10016359388828278
211,0,0.0,6.0,0.0,0.20892038941383362
212,0,0.0,6.0,0.0,0.2348732054233551
212,1,0.0,6.0,0.0,0.212776780128479
212,3,0.0,6.0,0.0,0.18334460258483887
213,0,0.0,6.0,0.0,0.21093925833702087
213,1,0.0,6.0,0.0,0.16792872548103333
213,3,0.0,6.0,0.0,0.16340318322181702
214,0,0.0,6.0,0.0,0.19835907220840454
214,1,0.0,6.0,0.0,0.10274536907672882
215,0,0.0,6.0,0.0,0.1605091094970703
215,1,0.0,6.0,0.0,0.08517630398273468
215,3,0.0,6.0,0.0,0.10670837014913559
216,0,0.0,6.0,0.0,0.19651684165000916
216,1,0.0,6.0,0.0,0.15122494101524353
216,3,0.0,6.0,0.0,0.10057047009468079
217,0,0.0,6.0,0.0,0.2103326916694641
217,1,0.0,6.0,0.0,0.1852203905582428
217,3,0.0,6.0,0.0,0.07506369054317474
218,0,0.0,6.0,0.0,0.19157040119171143
219,0,0.0,6.0,0.0,0.2054365873336792
219,1,0.0,6.0,0.0,0.2010553777217865
220,0,0.0,6.0,0.0,0.2125178575515747
220,1,0.0,6.0,0.0,0.19010254740715027
220,3,0.0,6.0,0.0,0.14049836993217468
221,0,0.0,6.0,0.0,0.2156374156475067
221,1,0.0,6.0,0.0,0.2051439881324768
221,3,0.0,6.0,0.0,0.15925776958465576
222,0,0.0,6.0,0.0,0.1364448070526123
222,1,0.0,6.0,0.0,0.12790903449058533
223,0,0.0,6.0,0.0,0.23953837156295776
224,0,0.0,6.0,0.0,0.21357664465904236
224,1,0.0,6.0,0.0,0.16265660524368286
224,3,0.0,6.0,0.0,0.1516759693622589
225,0,0.0,6.0,0.0,0.18425339460372925
225,1,0.0,6.0,0.0,0.1858769655227661
225,3,0.0,6.0,0.0,0.15864071249961853
226,0,0.0,6.0,0.0,0.17407789826393127
226,1,0.0,6.0,0.0,0.1482916921377182
226,3,0.0,6.0,0.0,0.10422807931900024
227,0,0.0,6.0,0.0,0.11995767802000046
228,0,0.0,6.0,0.0,0.1554388403892517
228,1,0.0,6.0,0.0,0.0842418447136879
228,3,0.0,6.0,0.0,0.11523789167404175
229,0,0.0,6.0,0.0,0.2066975235939026
229,1,0.0,6.0,0.0,0.18278858065605164
230,0,0.0,6.0,0.0,0.11934380978345871
231,0,0.0,6.0,0.0,0.18252956867218018
231,1,0.0,6.0,0.0,0.1961083710193634
232,0,0.0,6.0,0.0,0.18087968230247498
232,3,0.0,6.0,0.0,0.16519597172737122
233,0,0.0,6.0,0.0,0.14678701758384705
233,1,0.0,6.0,0.0,0.06768622249364853
234,0,0.0,6.0,0.0,0.1770000457763672
234,1,0.0,6.0,0.0,0.19244834780693054
234,3,0.0,6.0,0.0,0.10616376250982285
235,0,0.0,6.0,0.0,0.15401822328567505
235,1,0.0,6.0,0.0,0.054267071187496185
236,0,0.0,6.0,0.0,0.169773668050766
236,1,0.0,6.0,0.0,0.15002453327178955
236,3,0.0,6.0,0.0,0.041624050587415695
237,0,0.0,6.0,0.0,0.1811654269695282
237,1,0.0,6.0,0.0,0.13941383361816406
238,0,0.0,6.0,0.0,0.192256897687912
238,1,0.0,6.0,0.0,0.16978058218955994
239,0,0.0,6.0,0.0,0.186981201171875
239,1,0.0,6.0,0.0,0.17407694458961487
239,3,0.0,6.0,0.0,0.1414111852645874
240,0,0.0,6.0,0.0,0.1786089539527893
240,1,0.0,6.0,0.0,0.15748120844364166
240,3,0.0,6.0,0.0,0.10832706093788147
241,0,0.0,6.0,0.0,0.16048645973205566
242,0,0.0,6.0,0.0,0.12825031578540802
243,0,0.0,6.0,0.0,0.17008566856384277
244,0,0.0,6.0,0.0,0.16726331412792206
244,1,0.0,6.0,0.0,0.08511479943990707
244,3,0.0,6.0,0.0,0.060702770948410034
245,0,0.0,6.0,0.0,0.17905625700950623
245,1,0.0,6.0,0.0,0.07616977393627167
246,0,0.0,6.0,0.0,0.20219844579696655
246,1,0.0,6.0,0.0,0.19276303052902222
246,3,0.0,6.0,0.0,0.15458327531814575
247,0,0.0,6.0,0.0,0.19035881757736206
247,1,0.0,6.0,0.0,0.17466458678245544
247,3,0.0,6.0,0.0,0.136153444647789
248,0,0.0,6.0,0.0,0.16323214769363403
248,1,0.0,6.0,0.0,0.16277581453323364
248,3,0.0,6.0,0.0,0.12914279103279114
249,0,0.0,6.0,0.0,0.20222434401512146
249,1,0.0,6.0,0.0,0.190431147813797
249,3,0.0,6.0,0.0,0.1597459614276886
250,0,0.0,6.0,0.0,0.18710064888000488
250,1,0.0,6.0,0.0,0.13100388646125793
250,3,0.0,6.0,0.0,0.0431644506752491
251,0,0.0,6.0,0.0,0.11788470298051834
252,0,0.0,6.0,0.0,0.10173456370830536
252,1,0.0,6.0,0.0,0.04630095139145851
253,0,0.0,6.0,0.0,0.17145410180091858
253,1,0.0,6.0,0.0,0.15266922116279602
253,3,0.0,6.0,0.0,0.0964830070734024
254,0,0.0,6.0,0.0,0.19340893626213074
254,1,0.0,6.0,0.0,0.18051093816757202
254,3,0.0,6.0,0.0,0.1479901671409607
255,0,0.0,6.0,0.0,0.14863869547843933
255,1,0.0,6.0,0.0,0.12787723541259766
255,3,0.0,6.0,0.0,0.0730908215045929
256,0,0.0,6.0,0.0,0.1236007958650589
256,1,0.0,6.0,0.0,0.07932540774345398
257,0,0.0,6.0,0.0,0.15072503685951233
257,1,0.0,6.0,0.0,0.1180514469742775
258,0,0.0,6.0,0.0,0.17326998710632324
258,1,0.0,6.0,0.0,0.07806332409381866
259,0,0.0,6.0,0.0,0.19093894958496094
259,1,0.0,6.0,0.0,0.07617592066526413
260,0,0.0,6.0,0.0,0.08016851544380188
260,1,0.0,6.0,0.0,0.17214041948318481
260,3,0.0,6.0,0.0,0.1201169490814209
261,0,0.0,6.0,0.0,0.17155951261520386
262,0,0.0,6.0,0.0,0.11454535275697708
263,0,0.0,6.0,0.0,0.16540265083312988
263,1,0.0,6.0,0.0,0.03927456960082054
263,3,0.0,6.0,0.0,0.034818146377801895
264,0,0.0,6.0,0.0,0.1706475019454956
264,1,0.0,6.0,0.0,0.15077194571495056
264,3,0.0,6.0,0.0,0.08396463841199875
265,0,0.0,6.0,0.0,0.17319798469543457
265,1,0.0,6.0,0.0,0.1253376603126526
266,0,0.0,6.0,0.0,0.15773862600326538
267,0,0.0,6.0,0.0,0.165569007396698
267,1,0.0,6.0,0.0,0.03713271766901016
268,0,0.0,6.0,0.0,0.14598475396633148
268,1,0.0,6.0,0.0,0.03771376982331276
269,0,0.0,6.0,0.0,0.1670127809047699
270,0,0.0,6.0,0.0,0.13259345293045044
270,1,0.0,6.0,0.0,0.07831406593322754
271,0,0.0,6.0,0.0,0.15384572744369507
271,1,0.0,6.0,0.0,0.13079999387264252
272,0,0.0,6.0,0.0,0.1227506622672081
273,0,0.0,6.0,0.0,0.18071037530899048
273,1,0.0,6.0,0.0,0.12556329369544983
274,0,0.0,6.0,0.0,0.12675617635250092
275,0,0.0,6.0,0.0,0.166936993598938
276,0,0.0,6.0,0.0,0.17143714427947998
277,0,0.0,6.0,0.0,0.15674574673175812
277,1,0.0,6.0,0.0,0.131786048412323
278,0,0.0,6.0,0.0,0.163890078663826
279,0,0.0,6.0,0.0,0.14075042307376862
279,1,0.0,6.0,0.0,0.07921651005744934
279,3,0.0,6.0,0.0,0.030785059556365013
280,0,0.0,6.0,0.0,0.13370878994464874
281,0,0.0,6.0,0.0,0.14980973303318024
281,1,0.0,6.0,0.0,0.13597175478935242
282,0,0.0,6.0,0.0,0.11882153898477554
282,1,0.0,6.0,0.0,0.042154572904109955
283,0,0.0,6.0,0.0,0.15894529223442078
284,0,0.0,6.0,0.0,0.16962453722953796
284,1,0.0,6.0,0.0,0.13583293557167053
284,3,0.0,6.0,0.0,0.07615966349840164
285,0,0.0,6.0,0.0,0.17492231726646423
285,1,0.0,6.0,0.0,0.16656313836574554
286,0,0.0,6.0,0.0,0.12355464696884155
286,1,0.0,6.0,0.0,0.12069772183895111
287,0,0.0,6.0,0.0,0.12668611109256744
287,1,0.0,6.0,0.0,0.05088265240192413
287,3,0.0,6.0,0.0,0.028768500313162804
288,0,0.0,6.0,0.0,0.10671830922365189
289,0,0.0,6.0,0.0,0.10876931995153427
290,0,0.0,6.0,0.0,0.13614454865455627
290,1,0.0,6.0,0.0,0.07719074934720993
291,0,0.0,6.0,0.0,0.16660240292549133
292,0,0.0,6.0,0.0,0.15965303778648376
293,0,0.0,6.0,0.0,0.1735769510269165
294,0,0.0,6.0,0.0,0.14688873291015625
295,0,0.0,6.0,0.0,0.13244377076625824
296,0,0.0,6.0,0.0,0.13585351407527924
297,0,0.0,6.0,0.0,0.1542799174785614
298,0,0.0,6.0,0.0,0.11719008535146713
299,0,0.0,6.0,0.0,0.14248767495155334
300,0,0.0,6.0,0.0,0.1540655940771103
301,0,0.0,6.0,0.0,0.12518823146820068
302,0,0.0,6.0,0.0,0.12878300249576569
303,0,0.0,6.0,0.0,0.10698221623897552
304,0,0.0,6.0,0.0,0.029640119522809982
305,0,0.0,6.0,0.0,0.1335313618183136
306,0,0.0,6.0,0.0,0.14209112524986267
307,0,0.0,6.0,0.0,0.09697974473237991
308,0,0.0,6.0,0.0,0.08498868346214294
309,0,0.0,6.0,0.0,0.047906652092933655
310,0,0.0,6.0,0.0,0.12011807411909103
311,0,0.0,6.0,0.0,0.11937893182039261
312,0,0.0,6.0,0.0,0.05731068179011345
313,0,0.0,6.0,0.0,0.12254492938518524
314,0,0.0,6.0,0.0,0.04514114558696747
315,0,0.0,6.0,0.0,0.10819368064403534
316,0,0.0,6.0,0.0,0.11978325992822647
317,0,0.0,6.0,0.0,0.12167346477508545
318,0,0.0,6.0,0.0,0.15509259700775146
319,0,0.0,6.0,0.0,0.10019031912088394
320,0,0.0,6.0,0.0,0.13557632267475128
321,0,0.0,6.0,0.0,0.11759083718061447
322,0,0.0,6.0,0.0,0.11506429314613342
323,0,0.0,6.0,0.0,0.16151197254657745
324,0,0.0,6.0,0.0,0.10386518388986588
325,0,0.0,6.0,0.0,0.11949122697114944
326,0,0.0,6.0,0.0,0.13423609733581543
327,0,0.0,6.0,0.0,0.14455264806747437
328,0,0.0,6.0,0.0,0.11003884673118591
329,0,0.0,6.0,0.0,0.03318292647600174
330,0,0.0,6.0,0.0,0.12695559859275818
331,0,0.0,6.0,0.0,0.09930837154388428
332,0,0.0,6.0,0.0,0.15938381850719452
333,0,0.0,6.0,0.0,0.11101233959197998
334,0,0.0,6.0,0.0,0.107792429625988
335,0,0.0,6.0,0.0,0.15402492880821228
336,0,0.0,6.0,0.0,0.0980258584022522
337,0,0.0,6.0,0.0,0.13070043921470642
338,0,0.0,6.0,0.0,0.1378312110900879
339,0,0.0,6.0,0.0,0.07836444675922394
340,0,0.0,6.0,0.0,0.07000741362571716
341,0,0.0,6.0,0.0,0.1494397222995758
342,0,0.0,6.0,0.0,0.1016552746295929
343,0,0.0,6.0,0.0,0.09999693930149078
344,0,0.0,6.0,0.0,0.13247942924499512
345,0,0.0,6.0,0.0,0.0014024339616298676
346,0,0.0,6.0,0.0,0.08619360625743866
347,0,0.0,6.0,0.0,0.127040296792984
348,0,0.0,6.0,0.0,0.08433865010738373
349,0,0.0,6.0,0.0,0.1215142011642456
350,0,0.0,6.0,0.0,0.13220790028572083
351,0,0.0,6.0,0.0,0.10591976344585419
352,0,0.0,6.0,0.0,0.13156980276107788
353,0,0.0,6.0,0.0,0.1140207052230835
354,0,0.0,6.0,0.0,0.09845100343227386
355,0,0.0,6.0,0.0,0.13127738237380981
356,0,0.0,6.0,0.0,0.017966605722904205
357,0,0.0,6.0,0.0,0.021618014201521873
358,0,0.0,6.0,0.0,0.10999752581119537
359,0,0.0,6.0,0.0,0.044747352600097656
360,0,0.0,6.0,0.0,0.10418939590454102
361,0,0.0,6.0,0.0,0.07134424895048141
362,0,0.0,6.0,0.0,0.06174156069755554
363,0,0.0,6.0,0.0,0.0756923109292984
364,0,0.0,6.0,0.0,0.11573483794927597
365,0,0.0,6.0,0.0,0.1571735441684723
366,0,0.0,6.0,0.0,0.07138212025165558
367,0,0.0,6.0,0.0,0.1020173579454422
368,0,0.0,6.0,0.0,0.10249199718236923
369,0,0.0,6.0,0.0,0.06636162102222443
370,0,0.0,6.0,0.0,0.08802910149097443
371,0,0.0,6.0,0.0,0.030001850798726082
372,0,0.0,6.0,0.0,0.08462154865264893
373,0,0.0,6.0,0.0,0.1115669384598732
374,0,0.0,6.0,0.0,0.12892776727676392
375,0,0.0,6.0,0.0,0.15750843286514282
376,0,0.0,6.0,0.0,0.144484281539917
377,0,0.0,6.0,0.0,0.04727189242839813
378,0,0.0,6.0,0.0,0.0860077515244484
379,0,0.0,6.0,0.0,0.03883836418390274
380,0,0.0,6.0,0.0,0.099310964345932
381,0,0.0,6.0,0.0,0.05897596850991249
382,0,0.0,6.0,0.0,0.09971596300601959
383,0,0.0,6.0,0.0,0.08918096125125885
384,0,0.0,6.0,0.0,0.06403134763240814
385,0,0.0,6.0,0.0,0.07012984156608582
386,0,0.0,6.0,0.0,0.08317983150482178
387,0,0.0,6.0,0.0,0.1093830019235611
388,0,0.0,6.0,0.0,0.09025153517723083
389,0,0.0,6.0,0.0,0.09295926243066788
390,0,0.0,6.0,0.0,0.09880577027797699
391,0,0.0,6.0,0.0,0.0916803777217865
392,0,0.0,6.0,0.0,0.09073163568973541
393,0,0.0,6.0,0.0,0.07915675640106201
394,0,0.0,6.0,0.0,0.06278157234191895
395,0,0.0,6.0,0.0,0.06133325397968292
396,0,0.0,6.0,0.0,0.06913410872220993
397,0,0.0,6.0,0.0,0.0855739563703537
398,0,0.0,6.0,0.0,0.08182768523693085
399,0,0.0,6.0,0.0,0.09534825384616852
400,0,0.0,6.0,0.0,0.061432018876075745
401,0,0.0,6.0,0.0,0.07226666808128357
402,0,0.0,6.0,0.0,0.02317170798778534
403,0,0.0,6.0,0.0,0.0775008276104927
404,0,0.0,6.0,0.0,0.10675889253616333
405,0,0.0,6.0,0.0,0.07937458902597427
406,0,0.0,6.0,0.0,0.039654020220041275
407,0,0.0,6.0,0.0,0.122295081615448
408,0,0.0,6.0,0.0,0.025196921080350876
409,0,0.0,6.0,0.0,0.09971953183412552
410,0,0.0,6.0,0.0,0.07464968413114548
411,0,0.0,6.0,0.0,0.04517455771565437
412,0,0.0,6.0,0.0,0.0805792510509491
413,0,0.0,6.0,0.0,0.03450164943933487
414,0,0.0,6.0,0.0,0.059617288410663605
415,0,0.0,6.0,0.0,0.0610445998609066
416,0,0.0,6.0,0.0,0.027520064264535904
417,0,0.0,6.0,0.0,0.08191835880279541
418,0,0.0,6.0,0.0,0.09152534604072571
419,0,0.0,6.0,0.0,0.04903435334563255
420,0,0.0,6.0,0.0,0.10796185582876205
421,0,0.0,6.0,0.0,0.061546023935079575
422,0,0.0,6.0,0.0,0.02247766964137554
423,0,0.0,6.0,0.0,-0.011226445436477661
424,0,0.0,6.0,0.0,0.056496407836675644
425,0,0.0,6.0,0.0,0.07117067277431488
426,0,0.0,6.0,0.0,0.08727309107780457
427,0,0.0,6.0,0.0,0.038035646080970764
428,0,0.0,6.0,0.0,0.034576959908008575
429,0,0.0,6.0,0.0,0.03154166787862778
430,0,0.0,6.0,0.0,0.0553736612200737
431,0,0.0,6.0,0.0,0.044416315853595734
432,0,0.0,6.0,0.0,0.07600124180316925
433,0,0.0,6.0,0.0,0.07519924640655518
434,0,0.0,6.0,0.0,0.0072255246341228485
435,0,0.0,6.0,0.0,0.06283582746982574
436,0,0.0,6.0,0.0,0.03186120092868805
437,0,0.0,6.0,0.0,0.053582631051540375
438,0,0.0,6.0,0.0,0.07597434520721436
439,0,0.0,6.0,0.0,0.07250254601240158
440,0,0.0,6.0,0.0,0.06362998485565186
441,0,0.0,6.0,0.0,0.061512190848588943
442,0,0.0,6.0,0.0,0.06858751177787781
443,0,0.0,6.0,0.0,0.04129219055175781
444,0,0.0,6.0,0.0,0.016936417669057846
445,0,0.0,6.0,0.0,0.07968215644359589
446,0,0.0,6.0,0.0,0.08579045534133911
447,0,0.0,6.0,0.0,0.053691234439611435
448,0,0.0,6.0,0.0,0.10373303294181824
449,0,0.0,6.0,0.0,0.04496774449944496
450,0,0.0,6.0,0.0,0.07307121157646179
451,0,0.0,6.0,0.0,0.02219581976532936
452,0,0.0,6.0,0.0,0.07380540668964386
453,0,0.0,6.0,0.0,0.036614686250686646
454,0,0.0,6.0,0.0,0.05018026754260063
455,0,0.0,6.0,0.0,0.05642123892903328
456,0,0.0,6.0,0.0,0.0320497527718544
457,0,0.0,6.0,0.0,0.06481817364692688
458,0,0.0,6.0,0.0,0.04369987174868584
459,0,0.0,6.0,0.0,0.059258654713630676
460,0,0.0,6.0,0.0,0.03628455102443695
461,0,0.0,6.0,0.0,0.06032443791627884
462,0,0.0,6.0,0.0,0.02997104823589325
463,0,0.0,6.0,0.0,0.02934178337454796
464,0,0.0,6.0,0.0,0.03202459216117859
465,0,0.0,6.0,0.0,0.038798484951257706
466,0,0.0,6.0,0.0,0.035584550350904465
467,0,0.0,6.0,0.0,0.06523348391056061
468,0,0.0,6.0,0.0,0.04868973791599274
469,0,0.0,6.0,0.0,0.036629531532526016
470,0,0.0,6.0,0.0,0.041047755628824234
471,0,0.0,6.0,0.0,0.06702312082052231
472,0,0.0,6.0,0.0,0.05388154834508896
473,0,0.0,6.0,0.0,0.05598122999072075
474,0,0.0,6.0,0.0,0.022796856239438057
475,0,0.0,6.0,0.0,0.09596043825149536
476,0,0.0,6.0,0.0,-0.017309054732322693
477,0,0.0,6.0,0.0,0.03499801829457283
478,0,0.0,6.0,0.0,0.045035332441329956
479,0,0.0,6.0,0.0,0.052932385355234146
480,0,0.0,6.0,0.0,0.027995066717267036
481,0,0.0,6.0,0.0,0.05888501554727554
482,0,0.0,6.0,0.0,0.08630269020795822
483,0,0.0,6.0,0.0,0.07122641801834106
484,0,0.0,6.0,0.0,0.04328281804919243
485,0,0.0,6.0,0.0,0.054197076708078384
486,0,0.0,6.0,0.0,0.062450870871543884
487,0,0.0,6.0,0.0,0.042214713990688324
488,0,0.0,6.0,0.0,0.05323593690991402
489,0,0.0,6.0,0.0,0.07271888852119446
490,0,0.0,6.0,0.0,0.05479361116886139
491,0,0.0,6.0,0.0,0.04810793697834015
492,0,0.0,6.0,0.0,0.032786913216114044
493,0,0.0,6.0,0.0,0.06965945661067963
494,0,0.0,6.0,0.0,0.043610431253910065
495,0,0.0,6.0,0.0,0.03764347359538078
496,0,0.0,6.0,0.0,0.037882935255765915
497,0,0.0,6.0,0.0,0.017857247963547707
498,0,0.0,6.0,0.0,0.02663530223071575
499,0,0.0,6.0,0.0,0.007143892347812653
500,0,0.0,6.0,0.0,0.05913206934928894
501,0,0.0,6.0,0.0,0.04787610471248627
502,0,0.0,6.0,0.0,0.040546856820583344
503,0,0.0,6.0,0.0,0.015510311350226402
504,0,0.0,6.0,0.0,0.05787902697920799
505,0,0.0,6.0,0.0,0.049952004104852676
506,0,0.0,6.0,0.0,0.06658753007650375
507,0,0.0,6.0,0.0,0.03867747634649277
508,0,0.0,6.0,0.0,0.016363680362701416
509,0,0.0,6.0,0.0,0.04668134078383446
510,0,0.0,6.0,0.0,-0.002307876944541931
511,0,0.0,6.0,0.0,0.01646549254655838
512,0,0.0,6.0,0.0,0.00017602741718292236
513,0,0.0,6.0,0.0,0.047412194311618805
514,0,0.0,6.0,0.0,0.011029809713363647
515,0,0.0,6.0,0.0,0.03858698159456253
516,0,0.0,6.0,0.0,0.04669473320245743
517,0,0.0,6.0,0.0,-0.06920407712459564
518,0,0.0,6.0,0.0,0.06555406749248505
519,0,0.0,6.0,0.0,0.07176223397254944
520,0,0.0,6.0,0.0,0.030157731845974922
521,0,0.0,6.0,0.0,0.029411595314741135
522,0,0.0,6.0,0.0,0.01771203614771366
523,0,0.0,6.0,0.0,-0.02563716471195221
524,0,0.0,6.0,0.0,0.05107623338699341
525,0,0.0,6.0,0.0,0.00923723354935646
526,0,0.0,6.0,0.0,0.021109312772750854
527,0,0.0,6.0,0.0,0.013492517173290253
528,0,0.0,6.0,0.0,0.016257427632808685
529,0,0.0,6.0,0.0,0.0203380286693573
530,0,0.0,6.0,0.0,0.034136805683374405
531,0,0.0,6.0,0.0,-0.002469860017299652
532,0,0.0,6.0,0.0,0.028557555750012398
533,0,0.0,6.0,0.0,0.030628181993961334
534,0,0.0,6.0,0.0,-0.0076697878539562225
535,0,0.0,6.0,0.0,0.027379505336284637
536,0,0.0,6.0,0.0,-0.0396183580160141
537,0,0.0,6.0,0.0,0.04884836822748184
538,0,0.0,6.0,0.0,-0.015318617224693298
539,0,0.0,6.0,0.0,-0.004771791398525238
540,0,0.0,6.0,0.0,0.051900848746299744
541,0,0.0,6.0,0.0,-0.05789986997842789
542,0,0.0,6.0,0.0,0.03421308845281601
543,0,0.0,6.0,0.0,-0.028395220637321472
544,0,0.0,6.0,0.0,0.03528499975800514
545,0,0.0,6.0,0.0,0.038022059947252274
546,0,0.0,6.0,0.0,0.06742683053016663
547,0,0.0,6.0,0.0,0.022449087351560593
548,0,0.0,6.0,0.0,0.011030226945877075
549,0,0.0,6.0,0.0,0.015476357191801071
550,0,0.0,6.0,0.0,0.028058618307113647
551,0,0.0,6.0,0.0,0.04779095947742462
552,0,0.0,6.0,0.0,0.01813589222729206
553,0,0.0,6.0,0.0,0.030311251059174538
554,0,0.0,6.0,0.0,0.033983372151851654
555,0,0.0,6.0,0.0,0.01975894533097744
556,0,0.0,6.0,0.0,0.06579235941171646
557,0,0.0,6.0,0.0,0.012064404785633087
558,0,0.0,6.0,0.0,0.02272901125252247
559,0,0.0,6.0,0.0,0.03306347131729126
560,0,0.0,6.0,0.0,0.057398583739995956
561,0,0.0,6.0,0.0,0.06209184229373932
562,0,0.0,6.0,0.0,0.051250409334897995
563,0,0.0,6.0,0.0,0.026110921055078506
564,0,0.0,6.0,0.0,0.00193684920668602
565,0,0.0,6.0,0.0,-0.04470563679933548
566,0,0.0,6.0,0.0,-0.10462469607591629
567,0,0.0,6.0,0.0,0.03793874382972717
568,0,0.0,6.0,0.0,-0.07917945086956024
569,0,0.0,6.0,0.0,0.04714752361178398
570,0,0.0,6.0,0.0,0.034014299511909485
571,0,0.0,6.0,0.0,0.002479635179042816
572,0,0.0,6.0,0.0,0.04964938387274742
573,0,0.0,6.0,0.0,-0.007851164788007736
574,0,0.0,6.0,0.0,0.0062529221177101135
575,0,0.0,6.0,0.0,0.00389668345451355
576,0,0.0,6.0,0.0,0.039101921021938324
577,0,0.0,6.0,0.0,0.0192469023168087
578,0,0.0,6.0,0.0,0.02680046670138836
579,0,0.0,6.0,0.0,-0.0759497806429863
580,0,0.0,6.0,0.0,0.01941673457622528
581,0,0.0,6.0,0.0,-0.0372459813952446
582,0,0.0,6.0,0.0,-0.0216541588306427
583,0,0.0,6.0,0.0,0.04822113364934921
584,0,0.0,6.0,0.0,0.029985640197992325
585,0,0.0,6.0,0.0,0.03803817927837372
586,0,0.0,6.0,0.0,0.019233975559473038
587,0,0.0,6.0,0.0,0.030145300552248955
588,0,0.0,6.0,0.0,-0.011252012103796005
589,0,0.0,6.0,0.0,0.025652002543210983
590,0,0.0,6.0,0.0,-0.12575289607048035
591,0,0.0,6.0,0.0,-0.002238478511571884
592,0,0.0,6.0,0.0,0.04523291066288948
593,0,0.0,6.0,0.0,0.026083145290613174
594,0,0.0,6.0,0.0,0.04463938623666763
595,0,0.0,6.0,0.0,0.03350494056940079
596,0,0.0,6.0,0.0,-0.04581731557846069
597,0,0.0,6.0,0.0,0.013546580448746681
598,0,0.0,6.0,0.0,0.012789726257324219
599,0,0.0,6.0,0.0,0.02169709838926792
600,0,0.0,6.0,0.0,0.01854424737393856
601,0,0.0,6.0,0.0,-0.022433452308177948
602,0,0.0,6.0,0.0,0.043455325067043304
603,0,0.0,6.0,0.0,-0.007305122911930084
604,0,0.0,6.0,0.0,-0.08671487122774124
605,0,0.0,6.0,0.0,-0.006971780210733414
606,0,0.0,6.0,0.0,0.014151293784379959
607,0,0.0,6.0,0.0,-0.004307214170694351
608,0,0.0,6.0,0.0,0.012419365346431732
609,0,0.0,6.0,0.0,0.04342728108167648
610,0,0.0,6.0,0.0,-0.02163313329219818
611,0,0.0,6.0,0.0,0.04263724014163017
612,0,0.0,6.0,0.0,0.020411524921655655
613,0,0.0,6.0,0.0,-0.1221734806895256
614,0,0.0,6.0,0.0,0.024889789521694183
615,0,0.0,6.0,0.0,0.046458009630441666
616,0,0.0,6.0,0.0,0.00590408593416214
617,0,0.0,6.0,0.0,0.04311089590191841
618,0,0.0,6.0,0.0,0.02197597175836563
619,0,0.0,6.0,0.0,0.029175613075494766
620,0,0.0,6.0,0.0,0.04983051121234894
621,0,0.0,6.0,0.0,-0.011292606592178345
622,0,0.0,6.0,0.0,0.030764440074563026
623,0,0.0,6.0,0.0,-0.0114029161632061
624,0,0.0,6.0,0.0,0.01773572899401188
625,0,0.0,6.0,0.0,0.017649097368121147
626,0,0.0,6.0,0.0,0.021790429949760437
627,0,0.0,6.0,0.0,0.01991446688771248
628,0,0.0,6.0,0.0,-0.010628491640090942
629,0,0.0,6.0,0.0,-0.025599204003810883
630,0,0.0,6.0,0.0,0.0032156631350517273
631,0,0.0,6.0,0.0,-0.04233306646347046
632,0,0.0,6.0,0.0,0.007779337465763092
633,0,0.0,6.0,0.0,-0.003016948699951172
634,0,0.0,6.0,0.0,-0.15609022974967957
635,0,0.0,6.0,0.0,-0.08774121850728989
636,0,0.0,6.0,0.0,-0.15842747688293457
637,0,0.0,6.0,0.0,-0.15350914001464844
638,0,0.0,6.0,0.0,-0.11329131573438644
639,0,0.0,6.0,0.0,-0.07966237515211105
640,0,0.0,6.0,0.0,0.024944264441728592
641,0,0.0,6.0,0.0,0.03100368194282055
642,0,0.0,6.0,0.0,-0.05187284201383591
643,0,0.0,6.0,0.0,0.008673619478940964
644,0,0.0,6.0,0.0,0.025220787152647972
645,0,0.0,6.0,0.0,0.04477468132972717
646,0,0.0,6.0,0.0,-0.005936607718467712
647,0,0.0,6.0,0.0,-0.012898989021778107
648,0,0.0,6.0,0.0,0.04088014364242554
649,0,0.0,6.0,0.0,0.03116288036108017
650,0,0.0,6.0,0.0,0.009209971874952316
651,0,0.0,6.0,0.0,0.001712944358587265
652,0,0.0,6.0,0.0,0.007710419595241547
653,0,0.0,6.0,0.0,0.03855457156896591
654,0,0.0,6.0,0.0,0.0010893270373344421
655,0,0.0,6.0,0.0,0.009493570774793625
656,0,0.0,6.0,0.0,-0.014089737087488174
657,0,0.0,6.0,0.0,-0.0048695579171180725
658,0,0.0,6.0,0.0,-0.05161840468645096
659,0,0.0,6.0,0.0,-0.04074924439191818
660,0,0.0,6.0,0.0,-0.08275903016328812
661,0,0.0,6.0,0.0,-0.13073602318763733
662,0,0.0,6.0,0.0,-0.08429320901632309
663,0,0.0,6.0,0.0,-0.011697743088006973
664,0,0.0,6.0,0.0,-0.006508477032184601
665,0,0.0,6.0,0.0,-0.09862823039293289
666,0,0.0,6.0,0.0,-0.11800231784582138
667,0,0.0,6.0,0.0,-0.11577101796865463
668,0,0.0,6.0,0.0,0.0025593824684619904
669,0,0.0,6.0,0.0,-0.07905048131942749
670,0,0.0,6.0,0.0,-0.018292143940925598
671,0,0.0,6.0,0.0,-0.11544082313776016
672,0,0.0,6.0,0.0,-0.07130385935306549
673,0,0.0,6.0,0.0,-0.12610596418380737
674,0,0.0,6.0,0.0,0.003900807350873947
675,0,0.0,6.0,0.0,0.001693475991487503
676,0,0.0,6.0,0.0,0.016114970669150352
677,0,0.0,6.0,0.0,-0.10375671833753586
678,0,0.0,6.0,0.0,-0.008349329233169556
679,0,0.0,6.0,0.0,-0.022233128547668457
680,0,0.0,6.0,0.0,-0.09608197957277298
681,0,0.0,6.0,0.0,-0.010356616228818893
682,0,0.0,6.0,0.0,-0.0017952993512153625
683,0,0.0,6.0,0.0,-0.12283163517713547
684,0,0.0,6.0,0.0,0.0034317374229431152
685,0,0.0,6.0,0.0,0.01933603547513485
686,0,0.0,6.0,0.0,-0.12599462270736694
687,0,0.0,6.0,0.0,-0.12332651764154434
688,0,0.0,6.0,0.0,-0.055229105055332184
689,0,0.0,6.0,0.0,-0.0451282262802124
690,0,0.0,6.0,0.0,-0.0899566188454628
691,0,0.0,6.0,0.0,-0.14702975749969482
692,0,0.0,6.0,0.0,-0.12089968472719193
693,0,0.0,6.0,0.0,0.0012801475822925568
694,0,0.0,6.0,0.0,-0.11432532221078873
695,0,0.0,6.0,0.0,-0.009689617902040482
696,0,0.0,6.0,0.0,-0.0913049504160881
697,0,0.0,6.0,0.0,-0.1175403967499733
698,0,0.0,6.0,0.0,-0.11790623515844345
699,0,0.0,6.0,0.0,-0.030611179769039154
700,0,0.0,6.0,0.0,-0.15620669722557068
701,0,0.0,6.0,0.0,-0.018490299582481384
702,0,0.0,6.0,0.0,-0.06597968190908432
703,0,0.0,6.0,0.0,-0.10618077963590622
704,0,0.0,6.0,0.0,-0.11147867888212204
705,0,0.0,6.0,0.0,-0.09786786884069443
706,0,0.0,6.0,0.0,-0.12976548075675964
707,0,0.0,6.0,0.0,-0.08212782442569733
708,0,0.0,6.0,0.0,-0.02261456847190857
709,0,0.0,6.0,0.0,-0.11041464656591415
710,0,0.0,6.0,0.0,-0.14154052734375
711,0,0.0,6.0,0.0,-0.11687207967042923
712,0,0.0,6.0,0.0,-0.16455554962158203
713,0,0.0,6.0,0.0,-0.12541073560714722
714,0,0.0,6.0,0.0,-0.10539662092924118
715,0,0.0,6.0,0.0,-0.1118338331580162
716,0,0.0,6.0,0.0,-0.08129481226205826
717,0,0.0,6.0,0.0,-0.11916721612215042
718,0,0.0,6.0,0.0,-0.12771832942962646
719,0,0.0,6.0,0.0,-0.11029943078756332
720,0,0.0,6.0,0.0,-0.12971872091293335
721,0,0.0,6.0,0.0,-0.03774318844079971
722,0,0.0,6.0,0.0,-0.1367700695991516
723,0,0.0,6.0,0.0,-0.005171097815036774
724,0,0.0,6.0,0.0,-0.05430696904659271
725,0,0.0,6.0,0.0,-0.12650758028030396
726,0,0.0,6.0,0.0,-0.028360888361930847
727,0,0.0,6.0,0.0,-0.022773131728172302
728,0,0.0,6.0,0.0,-0.14422151446342468
729,0,0.0,6.0,0.0,-0.1278778314590454
730,0,0.0,6.0,0.0,-0.02436567097902298
731,0,0.0,6.0,0.0,-0.1093602254986763
732,0,0.0,6.0,0.0,-0.03366263210773468
733,0,0.0,6.0,0.0,-0.01849924772977829
734,0,0.0,6.0,0.0,-0.1283426582813263
735,0,0.0,6.0,0.0,-0.013427525758743286
736,0,0.0,6.0,0.0,-0.024184472858905792
737,0,0.0,6.0,0.0,-0.19825690984725952
738,0,0.0,6.0,0.0,-0.09121834486722946
739,0,0.0,6.0,0.0,-0.04166318476200104
740,0,0.0,6.0,0.0,-0.22140035033226013
741,0,0.0,6.0,0.0,-0.15550681948661804
742,0,0.0,6.0,0.0,-0.047372132539749146
743,0,0.0,6.0,0.0,-0.035895444452762604
744,0,0.0,6.0,0.0,-0.027767233550548553
745,0,0.0,6.0,0.0,-0.07634641230106354
745,1,0.0,6.0,0.0,-0.19652456045150757
745,2,0.0,6.0,0.0,-0.0048830024898052216
746,0,0.0,6.0,0.0,-0.01689205691218376
747,0,0.0,6.0,0.0,-0.04623958468437195
747,1,0.0,6.0,0.0,-0.21019309759140015
747,2,0.0,6.0,0.0,0.003929313272237778
748,0,0.0,6.0,0.0,-0.04150484502315521
748,1,0.0,6.0,0.0,-0.09941866248846054
749,0,0.0,6.0,0.0,-0.03296152502298355
750,0,0.0,6.0,0.0,-0.002532724291086197
750,1,0.0,6.0,0.0,-0.183884859085083
750,2,0.0,6.0,0.0,0.03041849657893181
751,1,0.0,6.0,0.0,-0.21242251992225647
751,2,0.0,6.0,0.0,0.0037369057536125183
752,1,0.0,6.0,0.0,-0.011158905923366547
753,0,0.0,6.0,0.0,-0.03413614630699158
753,1,0.0,6.0,0.0,-0.20209547877311707
753,2,0.0,6.0,0.0,0.008390091359615326
754,2,0.0,6.0,0.0,0.0009889192879199982
755,0,0.0,6.0,0.0,-0.06473308056592941
755,1,0.0,6.0,0.0,-0.19164645671844482
756,0,0.0,6.0,0.0,-0.05239904671907425
757,2,0.0,6.0,0.0,0.01290191151201725
758,0,0.0,6.0,0.0,-0.033552736043930054
758,2,0.0,6.0,0.0,-0.2001337707042694
759,0,0.0,6.0,0.0,-0.09950188547372818
759,2,0.0,6.0,0.0,0.0049118772149086
760,0,0.0,6.0,0.0,-0.007555976510047913
761,0,0.0,6.0,0.0,-0.07933100312948227
762,0,0.0,6.0,0.0,-0.01260894164443016
762,2,0.0,6.0,0.0,-0.20236358046531677
763,1,0.0,6.0,0.0,-0.05301106721162796
764,0,0.0,6.0,0.0,-0.03022845834493637
764,2,0.0,6.0,0.0,0.02537606842815876
765,0,0.0,6.0,0.0,-0.010248038917779922
765,1,0.0,6.0,0.0,-0.21549901366233826
765,2,0.0,6.0,0.0,0.018375758081674576
766,0,0.0,6.0,0.0,-0.022467829287052155
766,2,0.0,6.0,0.0,0.0035750679671764374
767,0,0.0,6.0,0.0,-0.006673596799373627
767,1,0.0,6.0,0.0,-0.011661238968372345
767,2,0.0,6.0,0.0,0.014782745391130447
768,0,0.0,6.0,0.0,0.003108508884906769
769,0,0.0,6.0,0.0,-0.019920077174901962
769,1,0.0,6.0,0.0,-0.22245493531227112
769,2,0.0,6.0,0.0,0.0034694895148277283
770,0,0.0,6.0,0.0,-0.03207167237997055
770,1,0.0,6.0,0.0,-0.2094653844833374
770,2,0.0,6.0,0.0,0.004472371190786362
771,0,0.0,6.0,0.0,-0.029554158449172974
771,1,0.0,6.0,0.0,-0.2122776210308075
771,2,0.0,6.0,0.0,0.0030436255037784576
772,2,0.0,6.0,0.0,-0.18442878127098083
773,0,0.0,6.0,0.0,-0.03159099817276001
774,0,0.0,6.0,0.0,-0.027271807193756104
774,1,0.0,6.0,0.0,-0.22524169087409973
774,2,0.0,6.0,0.0,0.010926581919193268
775,0,0.0,6.0,0.0,-0.012350618839263916
776,0,0.0,6.0,0.0,-0.024853594601154327
776,1,0.0,6.0,0.0,-0.06418927758932114
776,2,0.0,6.0,0.0,0.003891676664352417
777,0,0.0,6.0,0.0,-0.014143761247396469
777,1,0.0,6.0,0.0,-0.22691383957862854
778,0,0.0,6.0,0.0,-0.008903183043003082
778,1,0.0,6.0,0.0,-0.227471262216568
779,0,0.0,6.0,0.0,-0.023393414914608
780,0,0.0,6.0,0.0,0.004605241119861603
780,1,0.0,6.0,0.0,-0.22858616709709167
781,0,0.0,6.0,0.0,-0.018810875713825226
782,0,0.0,6.0,0.0,-0.00022280216217041016
783,2,0.0,6.0,0.0,0.01575208082795143
784,0,0.0,6.0,0.0,0.001376129686832428
784,2,0.0,6.0,0.0,0.023101817816495895
785,0,0.0,6.0,0.0,0.006254285573959351
786,1,0.0,6.0,0.0,0.008156344294548035
787,0,0.0,6.0,0.0,-0.014359481632709503
787,1,0.0,6.0,0.0,-0.23248764872550964
787,2,0.0,6.0,0.0,0.00977751612663269
788,0,0.0,6.0,0.0,-0.007894597947597504
789,1,0.0,6.0,0.0,-0.025109045207500458
789,2,0.0,6.0,0.0,0.004791475832462311
790,1,0.0,6.0,0.0,-0.012257911264896393
790,2,0.0,6.0,0.0,0.009653884917497635
791,0,0.0,6.0,0.0,0.007182374596595764
791,1,0.0,6.0,0.0,-0.0037323087453842163
791,2,0.0,6.0,0.0,0.014304308220744133
792,1,0.0,6.0,0.0,0.00758298859000206
792,2,0.0,6.0,0.0,0.021763324737548828
793,0,0.0,6.0,0.0,0.003232218325138092
793,1,0.0,6.0,0.0,-0.23583152890205383
793,3,0.0,6.0,0.0,0.011208288371562958
794,0,0.0,6.0,0.0,0.014396300539374352
794,1,0.0,6.0,0.0,-0.23638880252838135
794,3,0.0,6.0,0.0,0.023924924433231354
795,0,0.0,6.0,0.0,0.01104525476694107
795,1,0.0,6.0,0.0,-0.23717907071113586
795,3,0.0,6.0,0.0,0.020083755254745483
796,0,0.0,6.0,0.0,0.0010074861347675323
796,1,0.0,6.0,0.0,-0.2379891276359558
796,2,0.0,6.0,0.0,0.004340954124927521
797,0,0.0,6.0,0.0,0.011103715747594833
797,1,0.0,6.0,0.0,-0.2387988567352295
797,2,0.0,6.0,0.0,0.014687672257423401
798,0,0.0,6.0,0.0,0.006992362439632416
798,1,0.0,6.0,0.0,0.0028989315032958984
798,2,0.0,6.0,0.0,0.013692209497094154
799,0,0.0,6.0,0.0,0.017255648970603943
799,1,0.0,6.0,0.0,-0.24041897058486938
799,2,0.0,6.0,0.0,0.015059597790241241
800,0,0.0,6.0,0.0,-0.019204087555408478
800,1,0.0,6.0,0.0,-0.24122917652130127
800,2,0.0,6.0,0.0,0.005272727459669113
801,0,0.0,6.0,0.0,0.013739217072725296
801,1,0.0,6.0,0.0,-0.002025917172431946
801,2,0.0,6.0,0.0,0.01678600162267685
802,0,0.0,6.0,0.0,0.001417446881532669
802,1,0.0,6.0,0.0,-0.008228912949562073
802,2,0.0,6.0,0.0,0.01282479241490364
803,0,0.0,6.0,0.0,-0.25653213262557983
803,1,0.0,6.0,0.0,-0.2436588704586029
803,2,0.0,6.0,0.0,0.012227427214384079
804,0,0.0,6.0,0.0,-0.009516019374132156
805,0,0.0,6.0,0.0,-0.17620840668678284
806,0,0.0,6.0,0.0,-0.03331827372312546
807,0,0.0,6.0,0.0,-0.1512237787246704
808,0,0.0,6.0,0.0,-0.24966898560523987
809,0,0.0,6.0,0.0,-0.25340715050697327
810,0,0.0,6.0,0.0,-0.14421701431274414
811,0,0.0,6.0,0.0,-0.15080496668815613
812,0,0.0,6.0,0.0,-0.08656872063875198
813,0,0.0,6.0,0.0,-0.12015386670827866
814,0,0.0,6.0,0.0,-0.21876147389411926
815,0,0.0,6.0,0.0,-0.25427818298339844
816,0,0.0,6.0,0.0,-0.1868482530117035
817,0,0.0,6.0,0.0,-0.25196418166160583
818,0,0.0,6.0,0.0,-0.1568831503391266
819,0,0.0,6.0,0.0,-0.13535082340240479
820,0,0.0,6.0,0.0,-0.1956251561641693
821,0,0.0,6.0,0.0,-0.2102905511856079
822,0,0.0,6.0,0.0,-0.2439543902873993
823,0,0.0,6.0,0.0,-0.028333723545074463
824,0,0.0,6.0,0.0,-0.14226436614990234
825,0,0.0,6.0,0.0,-0.15882441401481628
826,0,0.0,6.0,0.0,-0.04159031808376312
827,0,0.0,6.0,0.0,-0.07768280804157257
828,0,0.0,6.0,0.0,-0.18006864190101624
829,0,0.0,6.0,0.0,-0.10935590416193008
830,0,0.0,6.0,0.0,-0.1388954520225525
831,0,0.0,6.0,0.0,-0.10054992884397507
832,0,0.0,6.0,0.0,-0.06213683634996414
833,0,0.0,6.0,0.0,-0.12218388170003891
834,0,0.0,6.0,0.0,-0.1002093032002449
835,0,0.0,6.0,0.0,-0.061896711587905884
836,0,0.0,6.0,0.0,-0.10945353657007217
837,0,0.0,6.0,0.0,-0.12050104886293411
838,0,0.0,6.0,0.0,-0.09300459176301956
839,0,0.0,6.0,0.0,-0.07726094126701355
840,0,0.0,6.0,0.0,-0.07456263154745102
841,0,0.0,6.0,0.0,-0.16095802187919617
842,0,0.0,6.0,0.0,-0.13165521621704102
843,0,0.0,6.0,0.0,-0.147018700838089
844,0,0.0,6.0,0.0,-0.10714701563119888
845,0,0.0,6.0,0.0,-0.2368035912513733
846,0,0.0,6.0,0.0,-0.2616880238056183
847,0,0.0,6.0,0.0,-0.10641748458147049
848,0,0.0,6.0,0.0,-0.2549533545970917
849,0,0.0,6.0,0.0,-0.24607062339782715
850,0,0.0,6.0,0.0,-0.03574521094560623
851,0,0.0,6.0,0.0,-0.054486729204654694
852,0,0.0,6.0,0.0,-0.11753544956445694
853,0,0.0,6.0,0.0,-0.22695514559745789
854,0,0.0,6.0,0.0,-0.012605655938386917
855,0,0.0,6.0,0.0,-0.08214594423770905
856,0,0.0,6.0,0.0,-0.24398311972618103
857,0,0.0,6.0,0.0,-0.29912784695625305
858,0,0.0,6.0,0.0,-0.20813584327697754
859,0,0.0,6.0,0.0,-0.14354613423347473
860,0,0.0,6.0,0.0,-0.2288651168346405
861,0,0.0,6.0,0.0,-0.15157237648963928
862,0,0.0,6.0,0.0,-0.19999107718467712
863,0,0.0,6.0,0.0,-0.04240657389163971
864,0,0.0,6.0,0.0,-0.06102357059717178
865,0,0.0,6.0,0.0,-0.131921648979187
866,0,0.0,6.0,0.0,-0.1442176103591919
867,0,0.0,6.0,0.0,-0.03962679207324982
868,0,0.0,6.0,0.0,-0.04943358898162842
869,0,0.0,6.0,0.0,-0.01071154698729515
870,0,0.0,6.0,0.0,-0.21143823862075806
871,0,0.0,6.0,0.0,-0.23428800702095032
872,0,0.0,6.0,0.0,-0.20899367332458496
873,0,0.0,6.0,0.0,-0.037250787019729614
874,0,0.0,6.0,0.0,-0.02538745105266571
874,1,0.0,6.0,0.0,-0.02335824817419052
875,0,0.0,6.0,0.0,-0.04942122846841812
875,1,0.0,6.0,0.0,-0.0284268781542778
875,2,0.0,6.0,0.0,-0.037114016711711884
876,0,0.0,6.0,0.0,-0.11855529993772507
876,2,0.0,6.0,0.0,-0.030735671520233154
877,0,0.0,6.0,0.0,-0.19275563955307007
878,0,0.0,6.0,0.0,-0.12924757599830627
878,1,0.0,6.0,0.0,-0.07362592965364456
878,2,0.0,6.0,0.0,-0.1420566439628601
879,0,0.0,6.0,0.0,-0.03205504268407822
879,1,0.0,6.0,0.0,-0.033673033118247986
879,2,0.0,6.0,0.0,-0.020744822919368744
880,0,0.0,6.0,0.0,-0.047203756868839264
880,1,0.0,6.0,0.0,-0.0291714146733284
880,2,0.0,6.0,0.0,-0.03614766150712967
881,0,0.0,6.0,0.0,-0.01922263577580452
882,0,0.0,6.0,0.0,-0.1387917697429657
883,0,0.0,6.0,0.0,-0.028661996126174927
883,1,0.0,6.0,0.0,-0.020457133650779724
884,0,0.0,6.0,0.0,-0.10810428112745285
885,0,0.0,6.0,0.0,-0.13615214824676514
885,1,0.0,6.0,0.0,-0.07063169777393341
885,2,0.0,6.0,0.0,-0.06627370417118073
886,0,0.0,6.0,0.0,-0.06263547390699387
886,1,0.0,6.0,0.0,-0.03316493332386017
886,2,0.0,6.0,0.0,-0.04630298912525177
887,0,0.0,6.0,0.0,-0.09939274936914444
887,1,0.0,6.0,0.0,-0.055101484060287476
887,2,0.0,6.0,0.0,-0.07024628669023514
888,0,0.0,6.0,0.0,-0.04667883366346359
888,1,0.0,6.0,0.0,-0.025047369301319122
888,2,0.0,6.0,0.0,-0.023878134787082672
889,0,0.0,6.0,0.0,-0.06573206931352615
889,1,0.0,6.0,0.0,-0.03571092337369919
889,2,0.0,6.0,0.0,-0.045910030603408813
890,0,0.0,6.0,0.0,-0.029928483068943024
890,1,0.0,6.0,0.0,-0.02508930116891861
890,2,0.0,6.0,0.0,-0.0237710103392601
891,0,0.0,6.0,0.0,-0.12084918469190598
891,1,0.0,6.0,0.0,-0.1346665620803833
892,0,0.0,6.0,0.0,-0.049164362251758575
893,0,0.0,6.0,0.0,-0.12977448105812073
893,1,0.0,6.0,0.0,-0.06513114273548126
893,2,0.0,6.0,0.0,-0.20642614364624023
894,0,0.0,6.0,0.0,-0.07208020985126495
894,1,0.0,6.0,0.0,-0.03466900438070297
894,2,0.0,6.0,0.0,-0.03913493454456329
895,0,0.0,6.0,0.0,-0.1242414340376854
895,1,0.0,6.0,0.0,-0.052037402987480164
895,2,0.0,6.0,0.0,-0.06904858350753784
896,0,0.0,6.0,0.0,-0.044380225241184235
896,1,0.0,6.0,0.0,-0.03756152093410492
896,2,0.0,6.0,0.0,-0.08838970214128494
897,0,0.0,6.0,0.0,-0.13260668516159058
898,0,0.0,6.0,0.0,-0.10623355954885483
898,1,0.0,6.0,0.0,-0.04612113535404205
898,2,0.0,6.0,0.0,-0.06028882414102554
899,0,0.0,6.0,0.0,-0.0480528399348259
899,1,0.0,6.0,0.0,-0.03675837814807892
899,2,0.0,6.0,0.0,-0.04612695425748825
900,0,0.0,6.0,0.0,-0.056172892451286316
900,1,0.0,6.0,0.0,-0.04917166382074356
900,2,0.0,6.0,0.0,-0.15075373649597168
901,0,0.0,6.0,0.0,-0.05033213645219803
901,1,0.0,6.0,0.0,-0.08341900259256363
901,2,0.0,6.0,0.0,-0.0536307692527771
902,0,0.0,6.0,0.0,-0.04147648066282272
903,0,0.0,6.0,0.0,-0.02874010056257248
903,1,0.0,6.0,0.0,-0.02451721578836441
903,2,0.0,6.0,0.0,-0.028204262256622314
904,0,0.0,6.0,0.0,-0.029426492750644684
905,0,0.0,6.0,0.0,-0.14132922887802124
905,1,0.0,6.0,0.0,-0.10499852150678635
905,2,0.0,6.0,0.0,-0.0926193818449974
906,0,0.0,6.0,0.0,-0.10620091110467911
906,1,0.0,6.0,0.0,-0.09153912216424942
906,2,0.0,6.0,0.0,-0.08637291938066483
907,0,0.0,6.0,0.0,-0.08585374802350998
907,1,0.0,6.0,0.0,-0.06277070939540863
907,2,0.0,6.0,0.0,-0.10421217232942581
908,0,0.0,6.0,0.0,-0.07513279467821121
908,1,0.0,6.0,0.0,-0.11227559298276901
908,2,0.0,6.0,0.0,-0.07224909216165543
909,0,0.0,6.0,0.0,-0.08511563390493393
910,0,0.0,6.0,0.0,-0.09836006909608841
910,1,0.0,6.0,0.0,-0.11114933341741562
910,2,0.0,6.0,0.0,-0.08163454383611679
911,0,0.0,6.0,0.0,-0.044069625437259674
911,1,0.0,6.0,0.0,-0.03272426128387451
911,2,0.0,6.0,0.0,-0.03680920600891113
912,0,0.0,6.0,0.0,-0.12821394205093384
912,1,0.0,6.0,0.0,-0.1346859633922577
912,2,0.0,6.0,0.0,-0.14154374599456787
913,0,0.0,6.0,0.0,-0.032347217202186584
913,1,0.0,6.0,0.0,-0.02951962500810623
913,2,0.0,6.0,0.0,-0.03417510539293289
914,0,0.0,6.0,0.0,-0.03708671033382416
914,1,0.0,6.0,0.0,-0.03063182532787323
914,2,0.0,6.0,0.0,-0.04312213510274887
915,0,0.0,6.0,0.0,-0.06200955808162689
915,1,0.0,6.0,0.0,-0.045431949198246
915,2,0.0,6.0,0.0,-0.08641143888235092
916,0,0.0,6.0,0.0,-0.1451699137687683
916,1,0.0,6.0,0.0,-0.1116442158818245
916,2,0.0,6.0,0.0,-0.2949198782444
917,0,0.0,6.0,0.0,-0.03654252737760544
917,1,0.0,6.0,0.0,-0.03938569873571396
917,2,0.0,6.0,0.0,-0.04667563736438751
918,0,0.0,6.0,0.0,-0.10470052808523178
918,1,0.0,6.0,0.0,-0.06337830424308777
918,2,0.0,6.0,0.0,-0.08955251425504684
919,0,0.0,6.0,0.0,-0.1599903702735901
920,0,0.0,6.0,0.0,-0.1354672610759735
920,1,0.0,6.0,0.0,-0.1217038705945015
920,2,0.0,6.0,0.0,-0.10508482903242111
921,0,0.0,6.0,0.0,-0.03741344064474106
921,1,0.0,6.0,0.0,-0.028229065239429474
921,2,0.0,6.0,0.0,-0.03409769386053085
922,0,0.0,6.0,0.0,-0.08240199834108353
922,1,0.0,6.0,0.0,-0.05136141926050186
922,2,0.0,6.0,0.0,-0.08168885111808777
923,0,0.0,6.0,0.0,-0.1556815803050995
923,1,0.0,6.0,0.0,-0.11876078695058823
924,0,0.0,6.0,0.0,-0.053540319204330444
924,1,0.0,6.0,0.0,-0.031296633183956146
924,2,0.0,6.0,0.0,-0.03265386074781418
925,0,0.0,6.0,0.0,-0.18484145402908325
925,1,0.0,6.0,0.0,-0.13585442304611206
925,2,0.0,6.0,0.0,-0.10510199517011642
926,0,0.0,6.0,0.0,-0.16695451736450195
926,1,0.0,6.0,0.0,-0.23416560888290405
926,2,0.0,6.0,0.0,-0.21408739686012268
927,0,0.0,6.0,0.0,-0.03354120999574661
927,1,0.0,6.0,0.0,-0.02187471091747284
927,2,0.0,6.0,0.0,-0.02500104159116745
928,0,0.0,6.0,0.0,-0.04116161912679672
928,1,0.0,6.0,0.0,-0.032215431332588196
928,2,0.0,6.0,0.0,-0.04547230154275894
929,0,0.0,6.0,0.0,-0.042399123311042786
929,1,0.0,6.0,0.0,-0.03684932738542557
929,2,0.0,6.0,0.0,-0.054205238819122314
930,0,0.0,6.0,0.0,-0.16085490584373474
931,0,0.0,6.0,0.0,-0.06217196583747864
931,1,0.0,6.0,0.0,-0.07220100611448288
931,2,0.0,6.0,0.0,-0.12037410587072372
932,0,0.0,6.0,0.0,-0.047672420740127563
932,1,0.0,6.0,0.0,-0.03205278515815735
932,2,0.0,6.0,0.0,-0.038301534950733185
933,1,0.0,6.0,0.0,-0.15603944659233093
933,2,0.0,6.0,0.0,-0.25192245841026306
934,1,0.0,6.0,0.0,-0.04729021340608597
934,2,0.0,6.0,0.0,-0.04975411295890808
935,0,0.0,6.0,0.0,-0.15801289677619934
935,1,0.0,6.0,0.0,-0.07502871006727219
936,0,0.0,6.0,0.0,-0.1920376420021057
937,0,0.0,6.0,0.0,-0.20004060864448547
938,0,0.0,6.0,0.0,-0.24144989252090454
939,0,0.0,6.0,0.0,-0.273080050945282
940,0,0.0,6.0,0.0,-0.28154194355010986
941,0,0.0,6.0,0.0,-0.28073596954345703
942,0,0.0,6.0,0.0,-0.1282450556755066
942,1,0.0,6.0,0.0,-0.051631659269332886
942,2,0.0,6.0,0.0,-0.05262210965156555
943,0,0.0,6.0,0.0,-0.309712290763855
944,0,0.0,6.0,0.0,-0.08668475598096848
945,0,0.0,6.0,0.0,-0.06635575741529465
945,1,0.0,6.0,0.0,-0.04139348119497299
945,2,0.0,6.0,0.0,-0.03830912709236145
946,0,0.0,6.0,0.0,-0.04242538660764694
946,1,0.0,6.0,0.0,-0.04758419841527939
946,2,0.0,6.0,0.0,-0.05392282456159592
947,0,0.0,6.0,0.0,-0.11460218578577042
948,0,0.0,6.0,0.0,-0.21758204698562622
948,1,0.0,6.0,0.0,-0.15359801054000854
948,2,0.0,6.0,0.0,-0.21615028381347656
949,0,0.0,6.0,0.0,-0.1252565085887909
949,1,0.0,6.0,0.0,-0.07343950867652893
949,2,0.0,6.0,0.0,-0.08075331896543503
950,0,0.0,6.0,0.0,-0.15924805402755737
951,0,0.0,6.0,0.0,-0.2628405690193176
951,1,0.0,6.0,0.0,-0.05137351155281067
951,2,0.0,6.0,0.0,-0.054683901369571686
952,0,0.0,6.0,0.0,-0.07993204891681671
952,1,0.0,6.0,0.0,-0.04529481381177902
952,2,0.0,6.0,0.0,-0.04320435971021652
953,0,0.0,6.0,0.0,-0.04465407133102417
953,1,0.0,6.0,0.0,-0.04122678190469742
953,2,0.0,6.0,0.0,-0.040945760905742645
954,0,0.0,6.0,0.0,-0.03887871652841568
954,1,0.0,6.0,0.0,-0.031104646623134613
954,2,0.0,6.0,0.0,-0.029616430401802063
955,0,0.0,6.0,0.0,-0.03639964014291763
955,1,0.0,6.0,0.0,-0.039892904460430145
955,2,0.0,6.0,0.0,-0.038983069360256195
956,0,0.0,6.0,0.0,-0.1537221372127533
956,1,0.0,6.0,0.0,-0.1516970992088318
956,2,0.0,6.0,0.0,-0.1290871798992157
957,0,0.0,6.0,0.0,-0.1107725128531456
957,1,0.0,6.0,0.0,-0.07167984545230865
957,2,0.0,6.0,0.0,-0.11273198574781418
958,0,0.0,6.0,0.0,-0.08091306686401367
958,1,0.0,6.0,0.0,-0.07572642713785172
958,2,0.0,6.0,0.0,-0.05574430525302887
959,0,0.0,6.0,0.0,-0.07730276137590408
959,1,0.0,6.0,0.0,-0.0446767583489418
959,2,0.0,6.0,0.0,-0.0458386167883873
960,0,0.0,6.0,0.0,-0.14986541867256165
960,1,0.0,6.0,0.0,-0.11359304934740067
960,2,0.0,6.0,0.0,-0.15005648136138916
961,0,0.0,6.0,0.0,-0.05866806209087372
961,1,0.0,6.0,0.0,-0.1133023127913475
961,2,0.0,6.0,0.0,-0.04752883315086365
962,0,0.0,6.0,0.0,-0.04906849563121796
962,1,0.0,6.0,0.0,-0.041100457310676575
962,2,0.0,6.0,0.0,-0.052660614252090454
963,0,0.0,6.0,0.0,-0.2018263339996338
963,1,0.0,6.0,0.0,-0.24685180187225342
963,2,0.0,6.0,0.0,-0.266519695520401
964,0,0.0,6.0,0.0,-0.06758590787649155
964,1,0.0,6.0,0.0,-0.046293213963508606
964,2,0.0,6.0,0.0,-0.051567353308200836
965,0,0.0,6.0,0.0,-0.17872780561447144
965,1,0.0,6.0,0.0,-0.11335001140832901
965,2,0.0,6.0,0.0,-0.10026564449071884
966,0,0.0,6.0,0.0,-0.0460086464881897
966,1,0.0,6.0,0.0,-0.04147195816040039
966,2,0.0,6.0,0.0,-0.0469399094581604
967,0,0.0,6.0,0.0,-0.10297337919473648
967,1,0.0,6.0,0.0,-0.11031510680913925
967,2,0.0,6.0,0.0,-0.14895004034042358
968,0,0.0,6.0,0.0,-0.10380860418081284
968,1,0.0,6.0,0.0,-0.07768559455871582
968,2,0.0,6.0,0.0,-0.21462011337280273
969,0,0.0,6.0,0.0,-0.08805123716592789
969,1,0.0,6.0,0.0,-0.10752754658460617
969,2,0.0,6.0,0.0,-0.0776996985077858
970,0,0.0,6.0,0.0,-0.15703245997428894
971,0,0.0,6.0,0.0,-0.08005858957767487
971,1,0.0,6.0,0.0,-0.05000399053096771
971,2,0.0,6.0,0.0,-0.053143396973609924
972,0,0.0,6.0,0.0,-0.09369470924139023
972,1,0.0,6.0,0.0,-0.04787393659353256
972,2,0.0,6.0,0.0,-0.05073460191488266
973,0,0.0,6.0,0.0,-0.09999089688062668
973,1,0.0,6.0,0.0,-0.08635684102773666
973,2,0.0,6.0,0.0,-0.07044424116611481
974,0,0.0,6.0,0.0,-0.13771861791610718
974,1,0.0,6.0,0.0,-0.08014744520187378
974,2,0.0,6.0,0.0,-0.06220763921737671
975,0,0.0,6.0,0.0,-0.2638278305530548
975,1,0.0,6.0,0.0,-0.23221278190612793
976,0,0.0,6.0,0.0,-0.15823540091514587
976,1,0.0,6.0,0.0,-0.11297424882650375
976,2,0.0,6.0,0.0,-0.2499898076057434
977,0,0.0,6.0,0.0,-0.1266423463821411
978,0,0.0,6.0,0.0,-0.0897790864109993
978,1,0.0,6.0,0.0,-0.06002599745988846
978,2,0.0,6.0,0.0,-0.048501551151275635
979,0,0.0,6.0,0.0,-0.15751591324806213
979,1,0.0,6.0,0.0,-0.08349836617708206
979,2,0.0,6.0,0.0,-0.07891833037137985
980,0,0.0,6.0,0.0,-0.2008022964000702
980,1,0.0,6.0,0.0,-0.13889652490615845
980,2,0.0,6.0,0.0,-0.16681808233261108
981,0,0.0,6.0,0.0,-0.12418416887521744
981,1,0.0,6.0,0.0,-0.0730636790394783
981,2,0.0,6.0,0.0,-0.08794162422418594
982,0,0.0,6.0,0.0,-0.11189211159944534
983,0,0.0,6.0,0.0,-0.07141906768083572
983,1,0.0,6.0,0.0,-0.05180523544549942
983,2,0.0,6.0,0.0,-0.04048310965299606
984,0,0.0,6.0,0.0,-0.14479276537895203
985,0,0.0,6.0,0.0,-0.19339054822921753
986,0,0.0,6.0,0.0,-0.1572442650794983
987,0,0.0,6.0,0.0,-0.08473927527666092
987,1,0.0,6.0,0.0,-0.04787599295377731
987,2,0.0,6.0,0.0,-0.05115874111652374
988,0,0.0,6.0,0.0,-0.16715016961097717
989,0,0.0,6.0,0.0,-0.13290783762931824
989,1,0.0,6.0,0.0,-0.11280053108930588
989,2,0.0,6.0,0.0,-0.14090821146965027
990,0,0.0,6.0,0.0,-0.12769171595573425
990,1,0.0,6.0,0.0,-0.1295885145664215
991,0,0.0,6.0,0.0,-0.16398265957832336
991,1,0.0,6.0,0.0,-0.13893306255340576
991,2,0.0,6.0,0.0,-0.18297132849693298
992,0,0.0,6.0,0.0,-0.1914365291595459
992,1,0.0,6.0,0.0,-0.11796195060014725
992,2,0.0,6.0,0.0,-0.10339992493391037
993,0,0.0,6.0,0.0,-0.21063673496246338
993,1,0.0,6.0,0.0,-0.18314242362976074
993,2,0.0,6.0,0.0,-0.18344193696975708
994,0,0.0,6.0,0.0,-0.12275835126638412
994,1,0.0,6.0,0.0,-0.07288312166929245
994,2,0.0,6.0,0.0,-0.12144400924444199
995,0,0.0,6.0,0.0,-0.1678175926208496
995,1,0.0,6.0,0.0,-0.1370067596435547
995,2,0.0,6.0,0.0,-0.1242685541510582
996,0,0.0,6.0,0.0,-0.11758313328027725
996,1,0.0,6.0,0.0,-0.0980570837855339
996,2,0.0,6.0,0.0,-0.17364370822906494
997,0,0.0,6.0,0.0,-0.16042643785476685
997,1,0.0,6.0,0.0,-0.11682326346635818
997,2,0.0,6.0,0.0,-0.10204314440488815
998,0,0.0,6.0,0.0,-0.14327272772789001
998,1,0.0,6.0,0.0,-0.4083841145038605
998,3,0.0,6.0,0.0,-0.037123121321201324
999,0,0.0,6.0,0.0,-0.12310316413640976
1000,0,0.0,6.0,0.0,-0.151098370552063
1000,1,0.0,6.0,0.0,-0.4101026654243469
1000,3,0.0,6.0,0.0,-0.04393467307090759
1001,0,0.0,6.0,0.0,-0.2969825267791748
1001,1,0.0,6.0,0.0,-0.4109621047973633
1002,0,0.0,6.0,0.0,-0.10618355125188828
1003,0,0.0,6.0,0.0,-0.13071367144584656
1003,1,0.0,6.0,0.0,-0.09658322483301163
1003,3,0.0,6.0,0.0,-0.3361438512802124
1004,0,0.0,6.0,0.0,-0.07812107354402542
1005,0,0.0,6.0,0.0,-0.18715950846672058
1006,0,0.0,6.0,0.0,-0.14064329862594604
1007,0,0.0,6.0,0.0,-0.19582581520080566
1008,0,0.0,6.0,0.0,-0.14134705066680908
1008,3,0.0,6.0,0.0,-0.21770122647285461
1009,0,0.0,6.0,0.0,-0.1923534870147705
1009,3,0.0,6.0,0.0,-0.11528075486421585
1010,0,0.0,6.0,0.0,-0.28855472803115845
1011,0,0.0,6.0,0.0,-0.16111165285110474
1011,3,0.0,6.0,0.0,-0.04485878348350525
1012,0,0.0,6.0,0.0,-0.20265346765518188
1012,3,0.0,6.0,0.0,-0.11128262430429459
1013,0,0.0,6.0,0.0,-0.15149888396263123
1013,1,0.0,6.0,0.0,-0.42125174403190613
1014,0,0.0,6.0,0.0,-0.15512672066688538
1015,0,0.0,6.0,0.0,-0.23548132181167603
1015,1,0.0,6.0,0.0,-0.09447451680898666
1016,0,0.0,6.0,0.0,-0.181211918592453
1017,0,0.0,6.0,0.0,-0.14417535066604614
1017,1,0.0,6.0,0.0,-0.42471182346343994
1017,3,0.0,6.0,0.0,-0.241610586643219
1018,0,0.0,6.0,0.0,-0.126941978931427
1018,1,0.0,6.0,0.0,-0.425571471452713
1018,3,0.0,6.0,0.0,-0.04235215485095978
1019,0,0.0,6.0,0.0,-0.2088010013103485
1020,0,0.0,6.0,0.0,-0.1362900733947754
1021,0,0.0,6.0,0.0,-0.12042724341154099
1021,3,0.0,6.0,0.0,-0.04352043569087982
1022,0,0.0,6.0,0.0,-0.14488473534584045
1022,1,0.0,6.0,0.0,-0.4290088713169098
1022,3,0.0,6.0,0.0,-0.0639541819691658
1023,0,0.0,6.0,0.0,-0.12015331536531448
1024,0,0.0,6.0,0.0,-0.25955161452293396
1025,0,0.0,6.0,0.0,-0.15913084149360657
1026,0,0.0,6.0,0.0,-0.12611472606658936
1027,0,0.0,6.0,0.0,-0.16450583934783936
1028,0,0.0,6.0,0.0,-0.1416471302509308
1028,1,0.0,6.0,0.0,-0.4341649115085602
1028,3,0.0,6.0,0.0,-0.08758034557104111
1029,0,0.0,6.0,0.0,-0.101589135825634
1029,3,0.0,6.0,0.0,-0.06705045700073242
1030,0,0.0,6.0,0.0,-0.16237139701843262
1030,1,0.0,6.0,0.0,-0.43588384985923767
1030,3,0.0,6.0,0.0,-0.05823254585266113
1031,0,0.0,6.0,0.0,-0.11375022679567337
1031,1,0.0,6.0,0.0,-0.4367429316043854
1031,3,0.0,6.0,0.0,-0.0708511620759964
1032,0,0.0,6.0,0.0,-0.10281496495008469
1032,1,0.0,6.0,0.0,-0.4376024901866913
1032,3,0.0,6.0,0.0,-0.07180354744195938
1033,0,0.0,6.0,0.0,-0.11492755264043808
1034,0,0.0,6.0,0.0,-0.2687426209449768
1035,0,0.0,6.0,0.0,-0.2444077730178833
1036,0,0.0,6.0,0.0,-0.1983555257320404
1037,0,0.0,6.0,0.0,-0.303709477186203
1038,0,0.0,6.0,0.0,-0.15184232592582703
1039,0,0.0,6.0,0.0,-0.22297027707099915
1040,0,0.0,6.0,0.0,-0.12009207159280777
1041,0,0.0,6.0,0.0,-0.2888490855693817
1042,0,0.0,6.0,0.0,-0.1634177565574646
1043,0,0.0,6.0,0.0,-0.13830500841140747
1044,0,0.0,6.0,0.0,-0.15066853165626526
1045,0,0.0,6.0,0.0,-0.25576213002204895
1046,0,0.0,6.0,0.0,-0.12558147311210632
1047,0,0.0,6.0,0.0,-0.1678217649459839
1048,0,0.0,6.0,0.0,-0.15631148219108582
1049,0,0.0,6.0,0.0,-0.17876467108726501
1050,0,0.0,6.0,0.0,-0.22242575883865356
1051,0,0.0,6.0,0.0,-0.2549450397491455
1052,0,0.0,6.0,0.0,-0.23105722665786743
1053,0,0.0,6.0,0.0,-0.2589133083820343
1054,0,0.0,6.0,0.0,-0.11161646991968155
1055,0,0.0,6.0,0.0,-0.21080368757247925
1056,0,0.0,6.0,0.0,-0.20234081149101257
1057,0,0.0,6.0,0.0,-0.1718255877494812
1058,0,0.0,6.0,0.0,-0.17754706740379333
1059,0,0.0,6.0,0.0,-0.12608280777931213
1060,0,0.0,6.0,0.0,-0.24736237525939941
1061,0,0.0,6.0,0.0,-0.21679726243019104
1062,0,0.0,6.0,0.0,-0.234377920627594
1063,0,0.0,6.0,0.0,-0.22825750708580017
1064,0,0.0,6.0,0.0,-0.1374303102493286
1065,0,0.0,6.0,0.0,-0.2984735071659088
1066,0,0.0,6.0,0.0,-0.21760040521621704
1067,0,0.0,6.0,0.0,-0.12510788440704346
1068,0,0.0,6.0,0.0,-0.1840125024318695
1069,0,0.0,6.0,0.0,-0.3018326461315155
1070,0,0.0,6.0,0.0,-0.16701525449752808
1070,1,0.0,6.0,0.0,-0.2764253318309784
1071,0,0.0,6.0,0.0,-0.28213489055633545
1072,1,0.0,6.0,0.0,-0.20127391815185547
1072,2,0.0,6.0,0.0,-0.04410284757614136
1073,0,0.0,6.0,0.0,-0.10797680169343948
1073,1,0.0,6.0,0.0,-0.2005951702594757
1073,2,0.0,6.0,0.0,-0.05076315999031067
1074,0,0.0,6.0,0.0,-0.1944948136806488
1074,1,0.0,6.0,0.0,-0.4736959636211395
1075,0,0.0,6.0,0.0,-0.23222994804382324
1075,2,0.0,6.0,0.0,-0.060974813997745514
1076,0,0.0,6.0,0.0,-0.1803496778011322
1076,2,0.0,6.0,0.0,-0.05954214930534363
1077,1,0.0,6.0,0.0,-0.4762740433216095
1077,2,0.0,6.0,0.0,-0.08138316124677658
1078,1,0.0,6.0,0.0,-0.4564625024795532
1078,2,0.0,6.0,0.0,-0.07547745853662491
1079,0,0.0,6.0,0.0,-0.276435524225235
1079,1,0.0,6.0,0.0,-0.47799208760261536
1079,2,0.0,6.0,0.0,-0.10964467376470566
1080,0,0.0,6.0,0.0,-0.1136644259095192
1080,1,0.0,6.0,0.0,-0.47885164618492126
1080,2,0.0,6.0,0.0,-0.05968649685382843
1081,0,0.0,6.0,0.0,-0.254497230052948
1082,0,0.0,6.0,0.0,-0.17633360624313354
1083,0,0.0,6.0,0.0,-0.14337915182113647
1083,1,0.0,6.0,0.0,-0.30124741792678833
1084,0,0.0,6.0,0.0,-0.12310286611318588
1084,1,0.0,6.0,0.0,-0.48228904604911804
1085,1,0.0,6.0,0.0,-0.48188361525535583
1085,2,0.0,6.0,0.0,-0.05889417231082916
1086,0,0.0,6.0,0.0,-0.1404981017112732
1086,2,0.0,6.0,0.0,-0.05076277256011963
1087,0,0.0,6.0,0.0,-0.24480903148651123
1088,0,0.0,6.0,0.0,-0.07106093317270279
1088,1,0.0,6.0,0.0,-0.1450100541114807
1088,2,0.0,6.0,0.0,-0.046944573521614075
1089,0,0.0,6.0,0.0,-0.14108309149742126
1089,2,0.0,6.0,0.0,-0.06320786476135254
1090,0,0.0,6.0,0.0,-0.13576817512512207
1090,1,0.0,6.0,0.0,-0.33045244216918945
1090,2,0.0,6.0,0.0,-0.056928522884845734
1091,0,0.0,6.0,0.0,-0.15674376487731934
1091,2,0.0,6.0,0.0,-0.0511995404958725
1092,0,0.0,6.0,0.0,-0.10869734734296799
1092,1,0.0,6.0,0.0,-0.1922745704650879
1092,2,0.0,6.0,0.0,-0.05991247296333313
1093,0,0.0,6.0,0.0,-0.2559729814529419
1093,1,0.0,6.0,0.0,-0.49002376198768616
1093,2,0.0,6.0,0.0,-0.12978148460388184
1094,0,0.0,6.0,0.0,-0.10144896060228348
1094,1,0.0,6.0,0.0,-0.49088314175605774
1094,2,0.0,6.0,0.0,-0.058327630162239075
1095,0,0.0,6.0,0.0,-0.19413739442825317
1095,1,0.0,6.0,0.0,-0.49174246191978455
1096,0,0.0,6.0,0.0,-0.217633455991745
1097,0,0.0,6.0,0.0,-0.15455898642539978
1097,1,0.0,6.0,0.0,-0.479693204164505
1097,2,0.0,6.0,0.0,-0.06390312314033508
1098,0,0.0,6.0,0.0,-0.19699141383171082
1098,1,0.0,6.0,0.0,-0.49432024359703064
1098,2,0.0,6.0,0.0,-0.07050610333681107
1099,0,0.0,6.0,0.0,-0.12911105155944824
1099,2,0.0,6.0,0.0,-0.05351128429174423
1100,0,0.0,6.0,0.0,-0.1667194664478302
1100,2,0.0,6.0,0.0,-0.05413658171892166
1101,0,0.0,6.0,0.0,-0.20643872022628784
1101,1,0.0,6.0,0.0,-0.4968983829021454
1102,0,0.0,6.0,0.0,-0.1991252899169922
1102,2,0.0,6.0,0.0,-0.059031590819358826
1103,0,0.0,6.0,0.0,-0.21471980214118958
1104,0,0.0,6.0,0.0,-0.14581596851348877
1104,1,0.0,6.0,0.0,-0.4994766414165497
1104,2,0.0,6.0,0.0,-0.0513436496257782
1105,0,0.0,6.0,0.0,-0.21191972494125366
1105,2,0.0,6.0,0.0,-0.06375115364789963
1106,0,0.0,6.0,0.0,-0.19541436433792114
1106,2,0.0,6.0,0.0,-0.08461976796388626
1107,0,0.0,6.0,0.0,-0.11804989725351334
1107,1,0.0,6.0,0.0,-0.324209988117218
1107,2,0.0,6.0,0.0,-0.0517023503780365
1108,0,0.0,6.0,0.0,-0.16231673955917358
1108,2,0.0,6.0,0.0,-0.05725561082363129
1109,0,0.0,6.0,0.0,-0.15893083810806274
1109,1,0.0,6.0,0.0,-0.49796149134635925
1109,2,0.0,6.0,0.0,-0.06341207027435303
1110,0,0.0,6.0,0.0,-0.4107357859611511
1111,0,0.0,6.0,0.0,-0.23363959789276123
1111,2,0.0,6.0,0.0,-0.143701434135437
1112,2,0.0,6.0,0.0,-0.0643693283200264
1113,0,0.0,6.0,0.0,-0.2981148660182953
1114,0,0.0,6.0,0.0,-0.34813347458839417
1115,0,0.0,6.0,0.0,-0.25807473063468933
1116,2,0.0,6.0,0.0,-0.22981855273246765
1117,0,0.0,6.0,0.0,-0.19544196128845215
1117,2,0.0,6.0,0.0,-0.06443234533071518
1118,0,0.0,6.0,0.0,-0.2578754127025604
1119,0,0.0,6.0,0.0,-0.1989745795726776
1119,1,0.0,6.0,0.0,-0.29155170917510986
1119,2,0.0,6.0,0.0,-0.1756480634212494
1120,0,0.0,6.0,0.0,-0.20757794380187988
1121,0,0.0,6.0,0.0,-0.1746436059474945
1121,1,0.0,6.0,0.0,-0.5091767311096191
1121,2,0.0,6.0,0.0,-0.07077869027853012
1122,0,0.0,6.0,0.0,-0.20785534381866455
1122,1,0.0,6.0,0.0,-0.5149456262588501
1123,0,0.0,6.0,0.0,-0.23692083358764648
1124,0,0.0,6.0,0.0,-0.19165149331092834
1124,2,0.0,6.0,0.0,-0.06170585751533508
1125,0,0.0,6.0,0.0,-0.17983359098434448
1126,0,0.0,6.0,0.0,-0.1648944616317749
1126,2,0.0,6.0,0.0,-0.06402847915887833
1127,0,0.0,6.0,0.0,-0.1841186285018921
1127,1,0.0,6.0,0.0,-0.5192424058914185
1128,0,0.0,6.0,0.0,-0.2012123167514801
1129,0,0.0,6.0,0.0,-0.1865043342113495
1129,1,0.0,6.0,0.0,-0.47650817036628723
1129,2,0.0,6.0,0.0,-0.07786469906568527
1130,0,0.0,6.0,0.0,-0.1230507418513298
1130,1,0.0,6.0,0.0,-0.19559672474861145
1131,0,0.0,6.0,0.0,-0.2596171498298645
1132,1,0.0,6.0,0.0,-0.3574131727218628
1133,0,0.0,6.0,0.0,-0.18339237570762634
1133,1,0.0,6.0,0.0,-0.5243984460830688
1133,2,0.0,6.0,0.0,-0.06859757751226425
1134,0,0.0,6.0,0.0,-0.19565191864967346
1135,0,0.0,6.0,0.0,-0.15923002362251282
1136,0,0.0,6.0,0.0,-0.2316788136959076
1136,1,0.0,6.0,0.0,-0.3308238983154297
1137,0,0.0,6.0,0.0,-0.2932113707065582
1137,1,0.0,6.0,0.0,-0.527836263179779
1138,0,0.0,6.0,0.0,-0.23007497191429138
1139,0,0.0,6.0,0.0,-0.12276607006788254
1139,1,0.0,6.0,0.0,-0.12885794043540955
1139,2,0.0,6.0,0.0,-0.06780148297548294
1140,0,0.0,6.0,0.0,-0.14280149340629578
1140,1,0.0,6.0,0.0,-0.212613046169281
1140,2,0.0,6.0,0.0,-0.06542181968688965
1141,0,0.0,6.0,0.0,-0.27689117193222046
1142,0,0.0,6.0,0.0,-0.22403913736343384
1142,1,0.0,6.0,0.0,-0.532132625579834
1143,0,0.0,6.0,0.0,-0.2224985659122467
1143,1,0.0,6.0,0.0,-0.44097959995269775
1143,2,0.0,6.0,0.0,-0.10166794806718826
1144,0,0.0,6.0,0.0,-0.14738935232162476
1144,1,0.0,6.0,0.0,-0.5338513255119324
1145,2,0.0,6.0,0.0,-0.09802538901567459
1146,0,0.0,6.0,0.0,-0.2273218035697937
1146,1,0.0,6.0,0.0,-0.535570502281189
1147,0,0.0,6.0,0.0,-0.16387510299682617
1147,2,0.0,6.0,0.0,-0.06942389160394669
1148,0,0.0,6.0,0.0,-0.12951704859733582
1148,1,0.0,6.0,0.0,-0.20395958423614502
1148,2,0.0,6.0,0.0,-0.058119431138038635
1149,0,0.0,6.0,0.0,-0.16203224658966064
1149,2,0.0,6.0,0.0,-0.09688750654459
1150,0,0.0,6.0,0.0,-0.20077702403068542
1150,1,0.0,6.0,0.0,-0.5390075445175171
1150,2,0.0,6.0,0.0,-0.08329281955957413
1151,0,0.0,6.0,0.0,-0.16797786951065063
1151,1,0.0,6.0,0.0,-0.20232537388801575
1151,2,0.0,6.0,0.0,-0.07200618088245392
1152,0,0.0,6.0,0.0,-0.15559345483779907
1152,1,0.0,6.0,0.0,-0.242205411195755
1152,2,0.0,6.0,0.0,-0.06881634145975113
1153,0,0.0,6.0,0.0,-0.1904374659061432
1154,0,0.0,6.0,0.0,-0.17348149418830872
1154,1,0.0,6.0,0.0,-0.5424448847770691
1154,2,0.0,6.0,0.0,-0.0681275874376297
1155,2,0.0,6.0,0.0,-0.14169692993164062
1156,0,0.0,6.0,0.0,-0.12967750430107117
1156,1,0.0,6.0,0.0,-0.1454412341117859
1156,2,0.0,6.0,0.0,-0.06454269587993622
1157,0,0.0,6.0,0.0,-0.19606247544288635
1157,1,0.0,6.0,0.0,-0.5450230836868286
1157,2,0.0,6.0,0.0,-0.08873689919710159
1158,0,0.0,6.0,0.0,-0.18138498067855835
1158,1,0.0,6.0,0.0,-0.5458828210830688
1158,2,0.0,6.0,0.0,-0.08010091632604599
1159,0,0.0,6.0,0.0,-0.12960532307624817
1159,1,0.0,6.0,0.0,-0.2831055521965027
1159,2,0.0,6.0,0.0,-0.06123176962137222
1160,0,0.0,6.0,0.0,-0.262401282787323
1160,1,0.0,6.0,0.0,-0.5101503133773804
1161,0,0.0,6.0,0.0,-0.27342408895492554
1161,1,0.0,6.0,0.0,-0.5484606623649597
1162,0,0.0,6.0,0.0,-0.2509644627571106
1162,1,0.0,6.0,0.0,-0.2995743751525879
1162,2,0.0,6.0,0.0,-0.1570812463760376
1163,0,0.0,6.0,0.0,-0.2311922311782837
1163,1,0.0,6.0,0.0,-0.3555716574192047
1163,2,0.0,6.0,0.0,-0.1257510781288147
1164,0,0.0,6.0,0.0,-0.16750860214233398
1164,1,0.0,6.0,0.0,-0.2175881564617157
1164,2,0.0,6.0,0.0,-0.0947861447930336
1165,0,0.0,6.0,0.0,-0.29885122179985046
1166,0,0.0,6.0,0.0,-0.24034062027931213
1167,0,0.0,6.0,0.0,-0.2556892931461334
1167,1,0.0,6.0,0.0,-0.5536165833473206
1167,2,0.0,6.0,0.0,-0.144851952791214
1168,0,0.0,6.0,0.0,-0.1350376307964325
1168,1,0.0,6.0,0.0,-0.5228268504142761
1168,2,0.0,6.0,0.0,-0.061988674104213715
1169,0,0.0,6.0,0.0,-0.15525487065315247
1169,1,0.0,6.0,0.0,-0.18248343467712402
1169,2,0.0,6.0,0.0,-0.0747673287987709
1170,0,0.0,6.0,0.0,-0.2647191286087036
1171,0,0.0,6.0,0.0,-0.197505921125412
1171,2,0.0,6.0,0.0,-0.11414889246225357
1172,0,0.0,6.0,0.0,-0.18374639749526978
1172,2,0.0,6.0,0.0,-0.09394795447587967
1173,0,0.0,6.0,0.0,-0.2572993338108063
1174,0,0.0,6.0,0.0,-0.3005560338497162
1174,2,0.0,6.0,0.0,-0.13499730825424194
1175,0,0.0,6.0,0.0,-0.23396161198616028
1176,0,0.0,6.0,0.0,-0.22037822008132935
1176,1,0.0,6.0,0.0,-0.3025020360946655
1176,2,0.0,6.0,0.0,-0.10564028471708298
1177,0,0.0,6.0,0.0,-0.27695339918136597
1177,1,0.0,6.0,0.0,-0.5622113347053528
1178,0,0.0,6.0,0.0,-0.22465884685516357
1178,2,0.0,6.0,0.0,-0.08838722854852676
1179,0,0.0,6.0,0.0,-0.15387237071990967
1179,1,0.0,6.0,0.0,-0.26831284165382385
1180,1,0.0,6.0,0.0,-0.3181161880493164
1180,2,0.0,6.0,0.0,-0.09112852066755295
1181,0,0.0,6.0,0.0,-0.2176232635974884
1182,0,0.0,6.0,0.0,-0.3295508623123169
1183,0,0.0,6.0,0.0,-0.18529736995697021
1184,0,0.0,6.0,0.0,-0.2631644308567047
1184,2,0.0,6.0,0.0,-0.11912801116704941
1185,0,0.0,6.0,0.0,-0.21695810556411743
1185,1,0.0,6.0,0.0,-0.5690855383872986
1185,2,0.0,6.0,0.0,-0.11466144770383835
1186,0,0.0,6.0,0.0,-0.21820926666259766
1186,2,0.0,6.0,0.0,-0.09139583259820938
1187,1,0.0,6.0,0.0,-0.3750443756580353
1187,2,0.0,6.0,0.0,-0.1361749768257141
1188,0,0.0,6.0,0.0,-0.3051830232143402
1189,0,0.0,6.0,0.0,-0.18820080161094666
1189,1,0.0,6.0,0.0,-0.5650666356086731
1189,2,0.0,6.0,0.0,-0.10550624877214432
1190,0,0.0,6.0,0.0,-0.2882061004638672
1191,0,0.0,6.0,0.0,-0.1760300099849701
1191,1,0.0,6.0,0.0,-0.2906660735607147
1191,2,0.0,6.0,0.0,-0.09058315306901932
1192,2,0.0,6.0,0.0,-0.2354462444782257
1193,0,0.0,6.0,0.0,-0.25348854064941406
1193,1,0.0,6.0,0.0,-0.33317098021507263
1194,0,0.0,6.0,0.0,-0.2673560380935669
1195,0,0.0,6.0,0.0,-0.30514848232269287
1196,0,0.0,6.0,0.0,-0.2505573034286499
1196,1,0.0,6.0,0.0,-0.5785388946533203
1197,0,0.0,6.0,0.0,-0.21355211734771729
1197,2,0.0,6.0,0.0,-0.07013127952814102
1198,0,0.0,6.0,0.0,-0.2476523220539093
1198,2,0.0,6.0,0.0,-0.10003256052732468
1199,0,0.0,6.0,0.0,-0.2994404137134552
1200,0,0.0,6.0,0.0,-0.16669034957885742
1200,2,0.0,6.0,0.0,-0.09329431504011154
1201,0,0.0,6.0,0.0,-0.2863437235355377
1201,1,0.0,6.0,0.0,-0.5828350186347961
1202,0,0.0,6.0,0.0,-0.20954596996307373
1202,1,0.0,6.0,0.0,-0.2244369089603424
1203,0,0.0,6.0,0.0,-0.24440068006515503
1203,2,0.0,6.0,0.0,-0.09547927230596542
1204,2,0.0,6.0,0.0,-0.1426512598991394
1205,0,0.0,6.0,0.0,-0.2318258285522461
1206,0,0.0,6.0,0.0,-0.24514931440353394
1206,1,0.0,6.0,0.0,-0.36038199067115784
1206,2,0.0,6.0,0.0,-0.09798889607191086
1207,0,0.0,6.0,0.0,-0.21163725852966309
1207,1,0.0,6.0,0.0,-0.5505660176277161
1207,2,0.0,6.0,0.0,-0.49909552931785583
1208,0,0.0,6.0,0.0,-0.21285724639892578
1208,1,0.0,6.0,0.0,-0.5888511538505554
1209,0,0.0,6.0,0.0,-0.20345225930213928
1209,2,0.0,6.0,0.0,-0.0978347435593605
1210,0,0.0,6.0,0.0,-0.22928816080093384
1210,1,0.0,6.0,0.0,-0.37342527508735657
1210,2,0.0,6.0,0.0,-0.1216757670044899
1211,0,0.0,6.0,0.0,-0.2788713872432709
1211,1,0.0,6.0,0.0,-0.5914289355278015
1211,2,0.0,6.0,0.0,-0.11493851989507675
1212,0,0.0,6.0,0.0,-0.16372758150100708
1212,1,0.0,6.0,0.0,-0.15327316522598267
1212,2,0.0,6.0,0.0,-0.1099541112780571
1213,0,0.0,6.0,0.0,-0.34528490900993347
1214,0,0.0,6.0,0.0,-0.20803841948509216
1214,1,0.0,6.0,0.0,-0.23646968603134155
1214,2,0.0,6.0,0.0,-0.0890744999051094
1215,0,0.0,6.0,0.0,-0.2441186010837555
1216,0,0.0,6.0,0.0,-0.3220939636230469
1216,1,0.0,6.0,0.0,-0.5957261919975281
1217,0,0.0,6.0,0.0,-0.25255003571510315
1217,1,0.0,6.0,0.0,-0.5965855121612549
1218,0,0.0,6.0,0.0,-0.2092704176902771
1218,1,0.0,6.0,0.0,-0.5974441170692444
1218,2,0.0,6.0,0.0,-0.11250381916761398
1219,0,0.0,6.0,0.0,-0.23544493317604065
1219,1,0.0,6.0,0.0,-0.5983039736747742
1219,2,0.0,6.0,0.0,-0.17417147755622864
1220,0,0.0,6.0,0.0,-0.1999748945236206
1220,1,0.0,6.0,0.0,-0.2697431743144989
1220,2,0.0,6.0,0.0,-0.09688469022512436
1221,0,0.0,6.0,0.0,-0.3521970212459564
1222,0,0.0,6.0,0.0,-0.19733977317810059
1223,0,0.0,6.0,0.0,-0.32562702894210815
1223,1,0.0,6.0,0.0,-0.36254847049713135
1223,3,0.0,6.0,0.0,-0.180733323097229
1224,0,0.0,6.0,0.0,-0.309237003326416
1224,1,0.0,6.0,0.0,-0.1960134208202362
1224,3,0.0,6.0,0.0,-0.2656669020652771
1225,0,0.0,6.0,0.0,-0.22825095057487488
1225,1,0.0,6.0,0.0,-0.18406763672828674
1225,2,0.0,6.0,0.0,-0.14308157563209534
1226,0,0.0,6.0,0.0,-0.294495165348053
1226,1,0.0,6.0,0.0,-0.24959206581115723
1226,2,0.0,6.0,0.0,-0.18904227018356323
1227,0,0.0,6.0,0.0,-0.2739567756652832
1227,1,0.0,6.0,0.0,-0.37981775403022766
1227,3,0.0,6.0,0.0,-0.17885050177574158
1228,0,0.0,6.0,0.0,-0.256643146276474
1228,1,0.0,6.0,0.0,-0.5686696767807007
1228,3,0.0,6.0,0.0,-0.20947983860969543
1229,0,0.0,6.0,0.0,-0.35860463976860046
1229,1,0.0,6.0,0.0,-0.32672029733657837
1229,3,0.0,6.0,0.0,-0.22927182912826538
1230,0,0.0,6.0,0.0,-0.32788345217704773
1230,1,0.0,6.0,0.0,-0.4855962097644806
1230,3,0.0,6.0,0.0,-0.18738055229187012
1231,0,0.0,6.0,0.0,-0.33886784315109253
1231,3,0.0,6.0,0.0,-0.26490986347198486
1232,0,0.0,6.0,0.0,-0.21801364421844482
1232,1,0.0,6.0,0.0,-0.559164822101593
1232,2,0.0,6.0,0.0,-0.5948415994644165
1232,3,0.0,6.0,0.0,-0.13623639941215515
1233,0,0.0,6.0,0.0,-0.32474851608276367
1233,1,0.0,6.0,0.0,-0.6103348731994629
1233,3,0.0,6.0,0.0,-0.19082745909690857
1234,0,0.0,6.0,0.0,-0.32189276814460754
1234,1,0.0,6.0,0.0,-0.611194908618927
1234,3,0.0,6.0,0.0,-0.18929949402809143
1235,0,0.0,6.0,0.0,-0.21752825379371643
1235,1,0.0,6.0,0.0,-0.14286759495735168
1235,3,0.0,6.0,0.0,-0.10703248530626297
1236,0,0.0,6.0,0.0,-0.2693987786769867
1236,1,0.0,6.0,0.0,-0.27181875705718994
1236,3,0.0,6.0,0.0,-0.18248775601387024
1237,0,0.0,6.0,0.0,-0.293678343296051
1237,1,0.0,6.0,0.0,-0.5952454805374146
1237,3,0.0,6.0,0.0,-0.5889920592308044
1238,0,0.0,6.0,0.0,-0.2688583433628082
1238,1,0.0,6.0,0.0,-0.19283783435821533
1238,2,0.0,6.0,0.0,-0.14999255537986755
1239,0,0.0,6.0,0.0,-0.3204513192176819
1239,1,0.0,6.0,0.0,-0.3402225971221924
1239,2,0.0,6.0,0.0,-0.2228635549545288
1240,0,0.0,6.0,0.0,-0.24507668614387512
1240,1,0.0,6.0,0.0,-0.18175750970840454
1240,3,0.0,6.0,0.0,-0.14550864696502686
1241,0,0.0,6.0,0.0,-0.22036463022232056
1241,1,0.0,6.0,0.0,-0.17546963691711426
1241,2,0.0,6.0,0.0,-0.13434574007987976
1241,3,0.0,6.0,0.0,-0.5581223368644714
1242,0,0.0,6.0,0.0,-0.34311866760253906
1242,1,0.0,6.0,0.0,-0.5624168515205383
1242,3,0.0,6.0,0.0,-0.1968633234500885
1243,0,0.0,6.0,0.0,-0.23489826917648315
1243,1,0.0,6.0,0.0,-0.27757325768470764
1243,2,0.0,6.0,0.0,-0.16102519631385803
1244,0,0.0,6.0,0.0,-0.25692281126976013
1244,1,0.0,6.0,0.0,-0.36831578612327576
1244,3,0.0,6.0,0.0,-0.16129854321479797
1245,0,0.0,6.0,0.0,-0.30604997277259827
1245,1,0.0,6.0,0.0,-0.379824161529541
1245,2,0.0,6.0,0.0,-0.18189027905464172
1246,0,0.0,6.0,0.0,-0.3110017478466034
1246,1,0.0,6.0,0.0,-0.27412521839141846
1246,3,0.0,6.0,0.0,-0.3504475951194763
1247,0,0.0,6.0,0.0,-0.24746540188789368
1247,1,0.0,6.0,0.0,-0.2033979892730713
1247,2,0.0,6.0,0.0,-0.14964395761489868
1248,0,0.0,6.0,0.0,-0.2828041613101959
1248,1,0.0,6.0,0.0,-0.4244968295097351
1248,2,0.0,6.0,0.0,-0.182029128074646
1249,0,0.0,6.0,0.0,-0.21331897377967834
1249,1,0.0,6.0,0.0,-0.1723347008228302
1249,2,0.0,6.0,0.0,-0.1448361575603485
1249,3,0.0,6.0,0.0,-0.14072927832603455
1250,0,0.0,6.0,0.0,-0.1974857747554779
1250,1,0.0,6.0,0.0,-0.14902067184448242
1250,2,0.0,6.0,0.0,-0.11331049352884293
1251,0,0.0,6.0,0.0,-0.21749678254127502
1251,1,0.0,6.0,0.0,-0.19352924823760986
1251,3,0.0,6.0,0.0,-0.20562973618507385
1252,0,0.0,6.0,0.0,-0.20637187361717224
1252,1,0.0,6.0,0.0,-0.15700042247772217
1252,3,0.0,6.0,0.0,-0.1297810673713684
1253,0,0.0,6.0,0.0,-0.22534003853797913
1253,1,0.0,6.0,0.0,-0.17359161376953125
1253,3,0.0,6.0,0.0,-0.29454606771469116
1254,0,0.0,6.0,0.0,-0.2887028157711029
1254,1,0.0,6.0,0.0,-0.6138201951980591
1254,2,0.0,6.0,0.0,-0.18848398327827454
1255,0,0.0,6.0,0.0,-0.29674819111824036
1255,1,0.0,6.0,0.0,-0.25017380714416504
1255,3,0.0,6.0,0.0,-0.24799436330795288
1256,0,0.0,6.0,0.0,-0.3139364719390869
1256,2,0.0,6.0,0.0,-0.268004834651947
1257,0,0.0,6.0,0.0,-0.24324148893356323
1258,0,0.0,6.0,0.0,-0.1908550262451172
1258,1,0.0,6.0,0.0,-0.14824795722961426
1258,2,0.0,6.0,0.0,-0.11619878560304642
1258,3,0.0,6.0,0.0,-0.49605926871299744
1259,0,0.0,6.0,0.0,-0.25987333059310913
1259,1,0.0,6.0,0.0,-0.21700668334960938
1259,2,0.0,6.0,0.0,-0.5942140817642212
1259,3,0.0,6.0,0.0,-0.15468624234199524
1260,0,0.0,6.0,0.0,-0.28903430700302124
1260,1,0.0,6.0,0.0,-0.36883285641670227
1260,3,0.0,6.0,0.0,-0.17989787459373474
1261,0,0.0,6.0,0.0,-0.2517068386077881
1262,0,0.0,6.0,0.0,-0.3032309412956238
1262,1,0.0,6.0,0.0,-0.2897489070892334
1262,3,0.0,6.0,0.0,-0.341515451669693
1263,0,0.0,6.0,0.0,-0.21228498220443726
1263,1,0.0,6.0,0.0,-0.22418126463890076
1263,2,0.0,6.0,0.0,-0.1330028772354126
1264,0,0.0,6.0,0.0,-0.6522694230079651
1264,1,0.0,6.0,0.0,-0.6215935945510864
1265,0,0.0,6.0,0.0,-0.30615195631980896
1265,1,0.0,6.0,0.0,-0.6378344297409058
1265,3,0.0,6.0,0.0,-0.18744009733200073
1266,0,0.0,6.0,0.0,-0.3052554428577423
1266,1,0.0,6.0,0.0,-0.5556702017784119
1266,3,0.0,6.0,0.0,-0.20445826649665833
1267,0,0.0,6.0,0.0,-0.245513916015625
1267,1,0.0,6.0,0.0,-0.20447346568107605
1267,3,0.0,6.0,0.0,-0.14643225073814392
1268,0,0.0,6.0,0.0,-0.32094213366508484
1268,1,0.0,6.0,0.0,-0.6119725704193115
1268,3,0.0,6.0,0.0,-0.17360571026802063
1269,0,0.0,6.0,0.0,-0.31621885299682617
1269,1,0.0,6.0,0.0,-0.4703201353549957
1269,3,0.0,6.0,0.0,-0.19306766986846924
1270,0,0.0,6.0,0.0,-0.3826277256011963
1270,1,0.0,6.0,0.0,-0.6147722005844116
1270,3,0.0,6.0,0.0,-0.24076306819915771
1271,0,0.0,6.0,0.0,-0.3339685797691345
1271,1,0.0,6.0,0.0,-0.5691127181053162
1271,3,0.0,6.0,0.0,-0.1846691370010376
1272,0,0.0,6.0,0.0,-0.23221203684806824
1272,1,0.0,6.0,0.0,-0.5840325355529785
1272,3,0.0,6.0,0.0,-0.1374618411064148
1273,0,0.0,6.0,0.0,-0.2807612419128418
1273,1,0.0,6.0,0.0,-0.5884975790977478
1273,3,0.0,6.0,0.0,-0.1646454632282257
1274,0,0.0,6.0,0.0,-0.32035818696022034
1274,1,0.0,6.0,0.0,-0.6455690264701843
1274,3,0.0,6.0,0.0,-0.20171532034873962
1275,0,0.0,6.0,0.0,-0.2575931251049042
1275,1,0.0,6.0,0.0,-0.5951564908027649
1275,3,0.0,6.0,0.0,-0.1575903594493866
1276,0,0.0,6.0,0.0,-0.28924450278282166
1276,1,0.0,6.0,0.0,-0.2911239266395569
1276,3,0.0,6.0,0.0,-0.17961761355400085
1277,0,0.0,6.0,0.0,-0.3014421761035919
1278,0,0.0,6.0,0.0,-0.2767203152179718
1279,0,0.0,6.0,0.0,-0.2863331139087677
1280,0,0.0,6.0,0.0,-0.2787851393222809
1280,1,0.0,6.0,0.0,-0.3728780746459961
1281,0,0.0,6.0,0.0,-0.2267846167087555
1282,0,0.0,6.0,0.0,-0.21718016266822815
1283,0,0.0,6.0,0.0,-0.2813543379306793
1283,1,0.0,6.0,0.0,-0.26589712500572205
1283,2,0.0,6.0,0.0,-0.18083468079566956
1284,0,0.0,6.0,0.0,-0.19327759742736816
1284,1,0.0,6.0,0.0,-0.19280192255973816
1284,2,0.0,6.0,0.0,-0.12568143010139465
1285,0,0.0,6.0,0.0,-0.2484687864780426
1285,1,0.0,6.0,0.0,-0.22848013043403625
1285,2,0.0,6.0,0.0,-0.162541925907135
1286,0,0.0,6.0,0.0,-0.22967422008514404
1286,1,0.0,6.0,0.0,-0.1721772849559784
1286,2,0.0,6.0,0.0,-0.1358509063720703
1287,0,0.0,6.0,0.0,-0.2866290509700775
1287,1,0.0,6.0,0.0,-0.28680941462516785
1287,2,0.0,6.0,0.0,-0.17805805802345276
1288,0,0.0,6.0,0.0,-0.21648886799812317
1288,1,0.0,6.0,0.0,-0.2063044309616089
1288,2,0.0,6.0,0.0,-0.14948800206184387
1289,0,0.0,6.0,0.0,-0.21611303091049194
1289,1,0.0,6.0,0.0,-0.18558970093727112
1289,2,0.0,6.0,0.0,-0.12968412041664124
1290,0,0.0,6.0,0.0,-0.2158675491809845
1290,1,0.0,6.0,0.0,-0.2081069052219391
1290,2,0.0,6.0,0.0,-0.14460763335227966
1291,0,0.0,6.0,0.0,-0.22330090403556824
1291,1,0.0,6.0,0.0,-0.2147614061832428
1291,2,0.0,6.0,0.0,-0.14487788081169128
1292,0,0.0,6.0,0.0,-0.28634873032569885
1292,1,0.0,6.0,0.0,-0.1816960871219635
1292,2,0.0,6.0,0.0,-0.16455376148223877
1293,0,0.0,6.0,0.0,-0.29051145911216736
1293,1,0.0,6.0,0.0,-0.27023300528526306
1293,2,0.0,6.0,0.0,-0.1957933008670807
1293,3,0.0,6.0,0.0,-0.17819979786872864
1294,0,0.0,6.0,0.0,-0.33437952399253845
1294,1,0.0,6.0,0.0,-0.21390041708946228
1294,2,0.0,6.0,0.0,-0.23633885383605957
1294,3,0.0,6.0,0.0,-0.2615284025669098
1295,0,0.0,6.0,0.0,-0.26595520973205566
1295,1,0.0,6.0,0.0,-0.2299884855747223
1295,2,0.0,6.0,0.0,-0.17541226744651794
1295,3,0.0,6.0,0.0,-0.18636327981948853
1296,0,0.0,6.0,0.0,-0.3734090328216553
1296,1,0.0,6.0,0.0,-0.26399701833724976
1296,2,0.0,6.0,0.0,-0.23635762929916382
1296,3,0.0,6.0,0.0,-0.29007238149642944
1297,0,0.0,6.0,0.0,-0.3279787003993988
1297,1,0.0,6.0,0.0,-0.23171818256378174
1297,2,0.0,6.0,0.0,-0.20625904202461243
1297,3,0.0,6.0,0.0,-0.24908065795898438
1298,0,0.0,6.0,0.0,-0.23215875029563904
1298,1,0.0,6.0,0.0,-0.1805044710636139
1298,2,0.0,6.0,0.0,-0.15594613552093506
1298,3,0.0,6.0,0.0,-0.16570064425468445
1299,0,0.0,6.0,0.0,-0.3208910822868347
1299,1,0.0,6.0,0.0,-0.2441183626651764
1299,2,0.0,6.0,0.0,-0.20223796367645264
1300,0,0.0,6.0,0.0,-0.31296485662460327
1300,1,0.0,6.0,0.0,-0.30461016297340393
1300,3,0.0,6.0,0.0,-0.2432325780391693
1301,0,0.0,6.0,0.0,-0.28321176767349243
1301,1,0.0,6.0,0.0,-0.23852649331092834
1301,2,0.0,6.0,0.0,-0.18236926198005676
1301,3,0.0,6.0,0.0,-0.2360537052154541
1302,0,0.0,6.0,0.0,-0.27572232484817505
1302,1,0.0,6.0,0.0,-0.17646116018295288
1302,3,0.0,6.0,0.0,-0.28566184639930725
1303,0,0.0,6.0,0.0,-0.2275581657886505
1303,1,0.0,6.0,0.0,-0.18220636248588562
1303,2,0.0,6.0,0.0,-0.15163588523864746
1304,0,0.0,6.0,0.0,-0.2475019097328186
1305,0,0.0,6.0,0.0,-0.4060477614402771
1305,2,0.0,6.0,0.0,-0.2223241627216339
1306,0,0.0,6.0,0.0,-0.31874656677246094
1306,1,0.0,6.0,0.0,-0.28112661838531494
1306,2,0.0,6.0,0.0,-0.20779651403427124
1307,0,0.0,6.0,0.0,-0.36319103837013245
1307,1,0.0,6.0,0.0,-0.6739280223846436
1307,2,0.0,6.0,0.0,-0.6441593766212463
1308,0,0.0,6.0,0.0,-0.36716553568840027
1308,1,0.0,6.0,0.0,-0.674787163734436
1308,2,0.0,6.0,0.0,-0.22456040978431702
1309,0,0.0,6.0,0.0,-0.3752574324607849
1309,1,0.0,6.0,0.0,-0.33229005336761475
1309,2,0.0,6.0,0.0,-0.23646461963653564
1310,0,0.0,6.0,0.0,-0.3953644037246704
1310,1,0.0,6.0,0.0,-0.6765061020851135
1310,2,0.0,6.0,0.0,-0.23436662554740906
1311,0,0.0,6.0,0.0,-0.36439403891563416
1311,1,0.0,6.0,0.0,-0.6087833046913147
1311,3,0.0,6.0,0.0,-0.47415950894355774
1312,0,0.0,6.0,0.0,-0.31635674834251404
1312,1,0.0,6.0,0.0,-0.352657288312912
1312,3,0.0,6.0,0.0,-0.21024298667907715
1313,0,0.0,6.0,0.0,-0.2526111900806427
1314,0,0.0,6.0,0.0,-0.24253305792808533
1315,0,0.0,6.0,0.0,-0.3499794900417328
1315,2,0.0,6.0,0.0,-0.17104965448379517
1316,0,0.0,6.0,0.0,-0.3654424250125885
1317,0,0.0,6.0,0.0,-0.25061506032943726
1317,1,0.0,6.0,0.0,-0.3156161904335022
1317,3,0.0,6.0,0.0,-0.1717667281627655
1318,0,0.0,6.0,0.0,-0.2713455557823181
1318,1,0.0,6.0,0.0,-0.39024510979652405
1318,3,0.0,6.0,0.0,-0.1907448172569275
1319,0,0.0,6.0,0.0,-0.4024392068386078
1319,1,0.0,6.0,0.0,-0.3844204545021057
1319,3,0.0,6.0,0.0,-0.18410751223564148
1320,0,0.0,6.0,0.0,-0.3046935498714447
1321,0,0.0,6.0,0.0,-0.2450810670852661
1321,1,0.0,6.0,0.0,-0.6643062829971313
1321,3,0.0,6.0,0.0,-0.1885547935962677
1322,0,0.0,6.0,0.0,-0.29293715953826904
1322,1,0.0,6.0,0.0,-0.6286813616752625
1322,3,0.0,6.0,0.0,-0.16316983103752136
1323,0,0.0,6.0,0.0,-0.28087857365608215
1323,1,0.0,6.0,0.0,-0.6224018931388855
1323,3,0.0,6.0,0.0,-0.1668705940246582
1324,0,0.0,6.0,0.0,-0.37988340854644775
1324,1,0.0,6.0,0.0,-0.688537061214447
1324,3,0.0,6.0,0.0,-0.2434297502040863
1325,0,0.0,6.0,0.0,-0.37798547744750977
1325,3,0.0,6.0,0.0,-0.23162472248077393
1326,0,0.0,6.0,0.0,-0.30421051383018494
1326,1,0.0,6.0,0.0,-0.48610565066337585
1326,2,0.0,6.0,0.0,-0.1899491548538208
1327,0,0.0,6.0,0.0,-0.27962666749954224
1327,2,0.0,6.0,0.0,-0.17066121101379395
1328,0,0.0,6.0,0.0,-0.23745569586753845
1328,1,0.0,6.0,0.0,-0.39845502376556396
1329,0,0.0,6.0,0.0,-0.28366076946258545
1329,1,0.0,6.0,0.0,-0.30027392506599426
1329,2,0.0,6.0,0.0,-0.24185484647750854
1330,2,0.0,6.0,0.0,-0.17035186290740967
1331,0,0.0,6.0,0.0,-0.2728603482246399
1331,1,0.0,6.0,0.0,-0.34149298071861267
1331,2,0.0,6.0,0.0,-0.16649848222732544
1331,3,0.0,6.0,0.0,-0.1410849690437317
1332,0,0.0,6.0,0.0,-0.3382178246974945
1332,1,0.0,6.0,0.0,-0.321724534034729
1332,2,0.0,6.0,0.0,-0.22420921921730042
1333,0,0.0,6.0,0.0,-0.3838808536529541
1333,1,0.0,6.0,0.0,-0.36347338557243347
1334,0,0.0,6.0,0.0,-0.32378089427948
1334,1,0.0,6.0,0.0,-0.4761907160282135
1335,0,0.0,6.0,0.0,-0.3009531497955322
1336,0,0.0,6.0,0.0,-0.3456442952156067
1336,1,0.0,6.0,0.0,-0.6716183423995972
1336,2,0.0,6.0,0.0,-0.22141125798225403
1337,0,0.0,6.0,0.0,-0.4430866837501526
1337,1,0.0,6.0,0.0,-0.534165620803833
1337,2,0.0,6.0,0.0,-0.19486862421035767
1338,0,0.0,6.0,0.0,-0.46434131264686584
1338,2,0.0,6.0,0.0,-0.2880157232284546
1339,0,0.0,6.0,0.0,-0.2972574234008789
1339,1,0.0,6.0,0.0,-0.5470602512359619
1339,2,0.0,6.0,0.0,-0.2702409029006958
1340,0,0.0,6.0,0.0,-0.32263967394828796
1341,0,0.0,6.0,0.0,-0.44124290347099304
1341,1,0.0,6.0,0.0,-0.6331527233123779
1341,2,0.0,6.0,0.0,-0.18713632225990295
1342,0,0.0,6.0,0.0,-0.33468058705329895
1342,1,0.0,6.0,0.0,-0.7040053606033325
1342,2,0.0,6.0,0.0,-0.2919609248638153
1343,0,0.0,6.0,0.0,-0.28426507115364075
1343,1,0.0,6.0,0.0,-0.4083661139011383
1343,2,0.0,6.0,0.0,-0.1952374279499054
1344,0,0.0,6.0,0.0,-0.26853305101394653
1344,1,0.0,6.0,0.0,-0.6515716910362244
1344,2,0.0,6.0,0.0,-0.20291030406951904
1345,0,0.0,6.0,0.0,-0.7258411645889282
1345,1,0.0,6.0,0.0,-0.5229054093360901
1345,2,0.0,6.0,0.0,-0.18220996856689453
1346,0,0.0,6.0,0.0,-0.42569246888160706
1346,2,0.0,6.0,0.0,-0.6469972133636475
1347,0,0.0,6.0,0.0,-0.24110844731330872
1347,1,0.0,6.0,0.0,-0.3552773892879486
1347,2,0.0,6.0,0.0,-0.20002254843711853
1348,0,0.0,6.0,0.0,-0.26579076051712036
1348,1,0.0,6.0,0.0,-0.39556270837783813
1348,2,0.0,6.0,0.0,-0.17810839414596558
1349,1,0.0,6.0,0.0,-0.2955503761768341
1350,0,0.0,6.0,0.0,-0.24684005975723267
1350,1,0.0,6.0,0.0,-0.6652164459228516
1350,2,0.0,6.0,0.0,-0.2383790910243988
1351,0,0.0,6.0,0.0,-0.39406535029411316
1351,1,0.0,6.0,0.0,-0.5842470526695251
1351,2,0.0,6.0,0.0,-0.24296820163726807
1352,0,0.0,6.0,0.0,-0.32714322209358215
1352,1,0.0,6.0,0.0,-0.39760029315948486
1353,0,0.0,6.0,0.0,-0.572675347328186
1353,1,0.0,6.0,0.0,-0.5446441769599915
1354,1,0.0,6.0,0.0,-0.661088764667511
1354,2,0.0,6.0,0.0,-0.2131062150001526
1355,0,0.0,6.0,0.0,-0.3685445785522461
1355,1,0.0,6.0,0.0,-0.6353207230567932
1355,2,0.0,6.0,0.0,-0.21983256936073303
1356,0,0.0,6.0,0.0,-0.33743926882743835
1357,0,0.0,6.0,0.0,-0.4691363275051117
1357,1,0.0,6.0,0.0,-0.3878399431705475
1358,0,0.0,6.0,0.0,-0.38995376229286194
1358,1,0.0,6.0,0.0,-0.3823583126068115
1358,2,0.0,6.0,0.0,-0.22942253947257996
1359,0,0.0,6.0,0.0,-0.3347509205341339
1359,1,0.0,6.0,0.0,-0.3916705846786499
1360,0,0.0,6.0,0.0,-0.3150485157966614
1360,2,0.0,6.0,0.0,-0.2050493061542511
1361,0,0.0,6.0,0.0,-0.2890864908695221
1361,1,0.0,6.0,0.0,-0.5472432971000671
1361,2,0.0,6.0,0.0,-0.19693922996520996
1362,0,0.0,6.0,0.0,-0.3363209366798401
1362,1,0.0,6.0,0.0,-0.39185643196105957
1363,0,0.0,6.0,0.0,-0.30182144045829773
1363,1,0.0,6.0,0.0,-0.4021480083465576
1363,2,0.0,6.0,0.0,-0.2395438849925995
1364,0,0.0,6.0,0.0,-0.3702860474586487
1364,2,0.0,6.0,0.0,-0.20691156387329102
1365,0,0.0,6.0,0.0,-0.29274943470954895
1366,0,0.0,6.0,0.0,-0.37197214365005493
1366,1,0.0,6.0,0.0,-0.5072826743125916
1366,2,0.0,6.0,0.0,-0.2359471321105957
1367,0,0.0,6.0,0.0,-0.31700295209884644
1367,1,0.0,6.0,0.0,-0.3633958697319031
1367,2,0.0,6.0,0.0,-0.22913235425949097
1368,0,0.0,6.0,0.0,-0.30529093742370605
1368,1,0.0,6.0,0.0,-0.6627241969108582
1369,0,0.0,6.0,0.0,-0.4220944344997406
1369,2,0.0,6.0,0.0,-0.2006133794784546
1370,0,0.0,6.0,0.0,-0.42222750186920166
1371,0,0.0,6.0,0.0,-0.38852545619010925
1372,1,0.0,6.0,0.0,-0.3556166887283325
1373,2,0.0,6.0,0.0,-0.24674707651138306
1374,1,0.0,6.0,0.0,-0.4240248501300812
1375,0,0.0,6.0,0.0,-0.3267301917076111
1375,1,0.0,6.0,0.0,-0.5013552904129028
1375,2,0.0,6.0,0.0,-0.25907450914382935
1376,0,0.0,6.0,0.0,-0.3322129249572754
1376,1,0.0,6.0,0.0,-0.4780004918575287
1377,0,0.0,6.0,0.0,-0.32397493720054626
1377,1,0.0,6.0,0.0,-0.2925819456577301
1377,2,0.0,6.0,0.0,-0.2173316776752472
1378,0,0.0,6.0,0.0,-0.26391085982322693
1378,2,0.0,6.0,0.0,-0.2189483344554901
1379,0,0.0,6.0,0.0,-0.3314523696899414
1379,1,0.0,6.0,0.0,-0.4245600402355194
1379,2,0.0,6.0,0.0,-0.23755308985710144
1380,0,0.0,6.0,0.0,-0.2812094986438751
1380,1,0.0,6.0,0.0,-0.3720012903213501
1381,0,0.0,6.0,0.0,-0.3526614010334015
1381,1,0.0,6.0,0.0,-0.5903080105781555
1381,2,0.0,6.0,0.0,-0.21842128038406372
1382,0,0.0,6.0,0.0,-0.2824541926383972
1382,1,0.0,6.0,0.0,-0.32721632719039917
1382,2,0.0,6.0,0.0,-0.21874365210533142
1383,0,0.0,6.0,0.0,-0.3409847915172577
1383,1,0.0,6.0,0.0,-0.4937562048435211
1383,2,0.0,6.0,0.0,-0.21540093421936035
1384,0,0.0,6.0,0.0,-0.6414974331855774
1384,1,0.0,6.0,0.0,-0.5920831561088562
1384,2,0.0,6.0,0.0,-0.24061325192451477
1385,2,0.0,6.0,0.0,-0.20474833250045776
1386,0,0.0,6.0,0.0,-0.35017478466033936
1386,1,0.0,6.0,0.0,-0.28508806228637695
1386,2,0.0,6.0,0.0,-0.20834782719612122
1387,0,0.0,6.0,0.0,-0.3194805979728699
1387,2,0.0,6.0,0.0,-0.2308402955532074
1388,1,0.0,6.0,0.0,-0.39287370443344116
1389,0,0.0,6.0,0.0,-0.4887772500514984
1389,1,0.0,6.0,0.0,-0.40106675028800964
1390,0,0.0,6.0,0.0,-0.37737512588500977
1390,1,0.0,6.0,0.0,-0.607344925403595
1390,2,0.0,6.0,0.0,-0.24893590807914734
1391,0,0.0,6.0,0.0,-0.3052424192428589
1391,1,0.0,6.0,0.0,-0.7461934685707092
1391,2,0.0,6.0,0.0,-0.2276478111743927
1392,0,0.0,6.0,0.0,-0.37710148096084595
1392,2,0.0,6.0,0.0,-0.21187809109687805
1393,0,0.0,6.0,0.0,-0.3382664918899536
1394,0,0.0,6.0,0.0,-0.47375860810279846
1394,1,0.0,6.0,0.0,-0.7487779259681702
1394,2,0.0,6.0,0.0,-0.2563086748123169
1395,0,0.0,6.0,0.0,-0.3665221035480499
1395,1,0.0,6.0,0.0,-0.7496402263641357
1396,0,0.0,6.0,0.0,-0.4453813135623932
1396,1,0.0,6.0,0.0,-0.7505015730857849
1396,2,0.0,6.0,0.0,-0.23890972137451172
1397,1,0.0,6.0,0.0,-0.751363217830658
1398,0,0.0,6.0,0.0,-0.4527488648891449
1398,1,0.0,6.0,0.0,-0.7522252202033997
1399,0,0.0,6.0,0.0,-0.3766342103481293
1400,0,0.0,6.0,0.0,-0.407038152217865
1400,1,0.0,6.0,0.0,-0.6266140341758728
1401,0,0.0,6.0,0.0,-0.38639113306999207
1401,1,0.0,6.0,0.0,-0.4548928439617157
1402,0,0.0,6.0,0.0,-0.3722243010997772
1402,2,0.0,6.0,0.0,-0.23816654086112976
1403,0,0.0,6.0,0.0,-0.38838422298431396
1404,0,0.0,6.0,0.0,-0.3338553309440613
1404,1,0.0,6.0,0.0,-0.6158609390258789
1405,0,0.0,6.0,0.0,-0.3305056691169739
1405,1,0.0,6.0,0.0,-0.629295825958252
1405,2,0.0,6.0,0.0,-0.2545779049396515
1406,0,0.0,6.0,0.0,-0.3577667474746704
1406,2,0.0,6.0,0.0,-0.22506436705589294
1407,0,0.0,6.0,0.0,-0.370665580034256
1407,1,0.0,6.0,0.0,-0.4383161962032318
1408,0,0.0,6.0,0.0,-0.41512829065322876
1408,1,0.0,6.0,0.0,-0.44589683413505554
1409,0,0.0,6.0,0.0,-0.40653303265571594
1409,1,0.0,6.0,0.0,-0.40949708223342896
1409,2,0.0,6.0,0.0,-0.24318692088127136
1410,0,0.0,6.0,0.0,-0.5411434769630432
1410,1,0.0,6.0,0.0,-0.47006693482398987
1411,0,0.0,6.0,0.0,-0.4718122184276581
1411,1,0.0,6.0,0.0,-0.7634272575378418
1412,0,0.0,6.0,0.0,-0.4273225963115692
1412,1,0.0,6.0,0.0,-0.7642890214920044
1412,2,0.0,6.0,0.0,-0.2449696958065033
1413,0,0.0,6.0,0.0,-0.3892623484134674
1413,1,0.0,6.0,0.0,-0.5681746006011963
1413,2,0.0,6.0,0.0,-0.26481005549430847
1414,0,0.0,6.0,0.0,-0.3667742609977722
1414,2,0.0,6.0,0.0,-0.22837990522384644
1415,0,0.0,6.0,0.0,-0.45906636118888855
1416,0,0.0,6.0,0.0,-0.4575519561767578
1417,0,0.0,6.0,0.0,-0.36079081892967224
1417,2,0.0,6.0,0.0,-0.35826927423477173
1418,0,0.0,6.0,0.0,-0.4546968936920166
1418,2,0.0,6.0,0.0,-0.260415256023407
1419,0,0.0,6.0,0.0,-0.50493323802948
1420,0,0.0,6.0,0.0,-0.36250486969947815
1420,2,0.0,6.0,0.0,-0.33513763546943665
1421,0,0.0,6.0,0.0,-0.3629803955554962
1422,0,0.0,6.0,0.0,-0.47014573216438293
1423,0,0.0,6.0,0.0,-0.47119155526161194
1424,0,0.0,6.0,0.0,-0.44858643412590027
1424,2,0.0,6.0,0.0,-0.2897151708602905
1425,0,0.0,6.0,0.0,-0.3936670124530792
1425,2,0.0,6.0,0.0,-0.24995484948158264
1426,2,0.0,6.0,0.0,-0.2834579646587372
1427,0,0.0,6.0,0.0,-0.345255583524704
1427,2,0.0,6.0,0.0,-0.22587120532989502
1428,0,0.0,6.0,0.0,-0.4024810791015625
1429,0,0.0,6.0,0.0,-0.4204484820365906
1430,0,0.0,6.0,0.0,-0.3097422122955322
1430,2,0.0,6.0,0.0,-0.2819756269454956
1431,0,0.0,6.0,0.0,-0.3662671744823456
1431,2,0.0,6.0,0.0,-0.2698480784893036
1432,0,0.0,6.0,0.0,-0.3089101016521454
1433,0,0.0,6.0,0.0,-0.4045771360397339
1433,2,0.0,6.0,0.0,-0.22977674007415771
1434,0,0.0,6.0,0.0,-0.37405961751937866
1434,2,0.0,6.0,0.0,-0.3015625774860382
1435,0,0.0,6.0,0.0,-0.5565500855445862
1436,0,0.0,6.0,0.0,-0.4643853008747101
1436,2,0.0,6.0,0.0,-0.24454981088638306
1437,0,0.0,6.0,0.0,-0.31282708048820496
1437,2,0.0,6.0,0.0,-0.24624699354171753
1438,0,0.0,6.0,0.0,-0.36246681213378906
1438,2,0.0,6.0,0.0,-0.2567773759365082
1439,0,0.0,6.0,0.0,-0.3411828875541687
1440,0,0.0,6.0,0.0,-0.34490087628364563
1441,0,0.0,6.0,0.0,-0.3300996720790863
1442,0,0.0,6.0,0.0,-0.38988229632377625
1442,2,0.0,6.0,0.0,-0.35888656973838806
1443,0,0.0,6.0,0.0,-0.37610292434692383
1444,0,0.0,6.0,0.0,-0.5079465508460999
1445,0,0.0,6.0,0.0,-0.5566152334213257
1446,0,0.0,6.0,0.0,-0.7792055010795593
1447,0,0.0,6.0,0.0,-0.35258105397224426
1448,0,0.0,6.0,0.0,-0.6119281649589539
